1D5R	20243	30.99987909
1D5R	20319	61.99975881
1D5R	23412	1.499995651
1D5R	24304	21.0000341
1D5R	25219	10.99993199
1D5R	26031	61.99975881
1D5R	27932	14.00006332
1D5R	31864	14.99995651
1D5R	31865	109.9993199
1D5R	32600	3.59997927
1D5R	32646	100
1D5R	34528	53.00050406
1D5R	34566	3.20000016
1D5R	34737	10
1D5R	34742	10.99993199
1D5R	44337	49.9999995
1D5R	47288	14.00006332
1D5R	47304	50.99997932
1DIY	20069	10.99993199
1DIY	20154	42.00006862
1DIY	20220	17.00004222
1DIY	20283	4.700023182
1DIY	20350	21.9998642
1DIY	20510	38.99958629
1DIY	20654	11.99996557
1DIY	20699	5.199959965
1DIY	20710	2.49999995
1DIY	20807	21.9998642
1DIY	20811	4.499973953
1DIY	20822	2.19998642
1DIY	20863	2.19998642
1DIY	20894	28.00012692
1DIY	20943	30.99987909
1DIY	21097	28.00012692
1DIY	21151	12.99989965
1DIY	21201	12.99989965
1DIY	21237	58.99972671
1DIY	21238	44.99973953
1DIY	21244	29.99991333
1DIY	21395	46.00022967
1DIY	22370	35.00015761
1DIY	22519	18.99984246
1DIY	22588	1.700004222
1DIY	22959	26.99976598
1DIY	23556	18.99984246
1DIY	23652	2.30001146
1DIY	23845	23.0001146
1DIY	24460	9.499921136
1DIY	24538	3.20000016
1DIY	24869	3.699985312
1DIY	24930	43.99972884
1DIY	25219	23.99993138
1DIY	26076	32.99970063
1DIY	26132	210.000341
1DIY	26525	54.9996594
1DIY	26726	28.00012692
1DIY	26728	28.00012692
1DIY	27034	92.00046025
1DIY	27923	79.00052911
1DIY	27932	20.0000002
1DIY	47251	50.99997932
1DIY	47291	32.0000016
1DIY	47310	35.9997927
1DIY	47320	73.99970697
1DIY	47369	75.99937137
1DIY	47389	32.99970063
1DIY	47592	25.99979957
1DIY	47598	12.99989965
1FVR	20794	10
1FVR	23412	17.99989617
1FVR	23892	40.9996359
1FVR	25219	8.999947996
1FVR	26031	30.99987909
1FVR	27932	14.99995651
1FVR	31863	21.0000341
1FVR	31864	4.600022967
1FVR	31865	32.0000016
1FVR	34695	12.99989965
1FVR	34737	23.0001146
1FVR	47325	129.9989965
1HJ1	20154	50.99997932
1HJ1	20209	56.99936271
1HJ1	21125	1
1HJ1	21209	54.9996594
1HJ1	22360	32.99970063
1HJ1	22536	16.00000064
1HJ1	29055	32.99970063
1HJ1	30698	11.99996557
1HJ1	40713	65.99940192
1HJ1	46970	1.799989617
1L8K	20243	47.99986324
1L8K	21455	84.00013809
1L8K	23412	21.9998642
1L8K	23892	49.9999995
1L8K	25219	24.9999995
1L8K	31864	53.00050406
1L8K	32600	25.99979957
1L8K	34737	36.99985312
1L8K	47251	50.99997932
1NPO	20182	129.9989965
1NPO	20653	29.99991333
1NPO	21150	21.9998642
1NPO	32537	23.0001146
1NPO	34742	43.00015292
1NPO	47288	17.00004222
1NPO	47351	29.00013369
1NPO	47367	25.99979957
1NPO	47381	43.00015292
1T0J	32537	38.99958629
1XNX	20154	36.99985312
1XNX	20576	10.99993199
1XNX	20791	73.99970697
1XNX	20794	6.699925908
1XNX	20819	140.0006332
1XNX	21097	17.00004222
1XNX	21301	32.99970063
1XNX	22448	34.00008478
1XNX	23412	6.599940192
1XNX	23848	95.99972744
1XNX	23892	14.00006332
1XNX	24102	74.99978182
1XNX	24151	65.99940192
1XNX	24175	129.9989965
1XNX	24211	100
1XNX	24235	69.00014446
1XNX	24238	23.99993138
1XNX	24270	50.99997932
1XNX	24280	53.99953251
1XNX	25219	10
1XNX	26031	66.99925908
1XNX	26265	23.99993138
1XNX	27932	23.99993138
1XNX	31863	32.99970063
1XNX	31864	50.99997932
1XNX	31865	100
1XNX	32329	21.9998642
1XNX	32359	72.99951925
1XNX	32372	28.00012692
1XNX	32390	96.99961265
1XNX	32464	29.99991333
1XNX	32500	4.300015292
1XNX	32520	56.00025441
1XNX	32562	119.9996557
1XNX	32580	149.9995651
1XNX	32600	18.99984246
1XNX	34402	58.99972671
1XNX	34566	32.0000016
1XNX	34590	119.9996557
1XNX	34653	56.99936271
1XNX	34695	18.99984246
1XNX	34956	62.99992029
1XNX	47348	53.00050406
1XNX	47369	53.99953251
1YK0	47288	43.99972884
2AHS	23412	40.9996359
2AHS	25219	23.99993138
2AHS	26031	129.9989965
2AHS	27932	32.99970063
2AHS	31864	64.99949762
2AHS	32646	74.99978182
2AHS	34695	4.300015292
2AHS	34737	10.99993199
2AHS	47333	58.00026796
2BXS	20068	7.199958613
2BXS	20112	47.99986324
2BXS	20137	43.00015292
2BXS	20154	64.00000383
2BXS	20209	16.00000064
2BXS	20247	17.99989617
2BXS	20311	61.00002317
2BXS	20426	23.99993138
2BXS	20446	35.9997927
2BXS	20528	85.00021026
2BXS	20529	4.700023182
2BXS	20582	42.00006862
2BXS	20628	64.99949762
2BXS	20653	61.99975881
2BXS	20699	17.99989617
2BXS	20894	7.599937137
2BXS	20916	61.99975881
2BXS	20921	53.99953251
2BXS	20961	54.9996594
2BXS	21094	119.9996557
2BXS	21126	14.99995651
2BXS	21137	23.99993138
2BXS	21151	94.00046457
2BXS	21218	14.99995651
2BXS	21717	20.0000002
2BXS	21780	40.0000008
2BXS	21834	65.99940192
2BXS	22111	25.99979957
2BXS	22308	2.19998642
2BXS	23878	86.00030669
2BXS	23951	76.99987143
2BXS	24065	4.600022967
2BXS	24163	100
2BXS	24164	54.9996594
2BXS	24235	58.00026796
2BXS	24270	35.9997927
2BXS	24359	23.99993138
2BXS	24460	7.699987143
2BXS	26900	49.00044228
2BXS	27923	21.0000341
2BXS	27932	53.00050406
2BXS	32365	56.99936271
2BXS	32519	29.99991333
2BXS	32537	40.9996359
2BXS	32555	43.00015292
2BXS	32569	14.00006332
2BXS	32647	47.99986324
2BXS	32651	59.99982725
2BXS	34300	44.99973953
2BXS	34492	10.99993199
2BXS	34627	54.9996594
2BXS	34634	64.99949762
2BXS	37185	61.99975881
2BXS	37495	73.99970697
2BXS	40755	20.0000002
2BXS	47257	58.00026796
2BXS	47259	79.00052911
2BXS	47297	18.99984246
2BXS	47299	7.699987143
2BXS	47320	47.00023182
2BXS	47347	89.99947996
2BXS	47349	54.9996594
2BXS	47364	25.99979957
2BXS	47371	1.600000064
2BXS	47377	29.00013369
2BXS	47379	62.99992029
2BXS	47592	1.400006332
2C67	20069	71.99958613
2C67	20247	7.299951925
2C67	20348	10
2C67	20426	37.9996853
2C67	20439	11.99996557
2C67	20501	4.499973953
2C67	20528	21.9998642
2C67	20827	71.99958613
2C67	20894	8.700014972
2C67	20943	53.99953251
2C67	20959	25.99979957
2C67	21150	23.99993138
2C67	21717	12.99989965
2C67	21834	36.99985312
2C67	22111	14.99995651
2C67	22341	1.299989965
2C67	23719	65.99940192
2C67	24065	1.299989965
2C67	24163	35.9997927
2C67	24276	17.99989617
2C67	24359	8.00000024
2C67	24460	28.00012692
2C67	24652	75.99937137
2C67	24955	179.9989617
2C67	25895	65.99940192
2C67	26900	7.299951925
2C67	27236	21.9998642
2C67	32365	70.00031591
2C67	32519	61.99975881
2C67	32555	90.99970826
2C67	32655	58.99972671
2C67	34634	59.99982725
2C67	40755	1.600000064
2C67	44203	7.699987143
2C67	47257	12.99989965
2C67	47297	35.00015761
2C67	47310	80.99906394
2C67	47318	81.99927263
2C67	47334	53.00050406
2C67	47342	34.00008478
2C67	47349	23.0001146
2C67	47362	10.99993199
2C67	47389	58.00026796
2C67	47540	24.9999995
2I75	22519	44.99973953
2I75	23412	17.00004222
2I75	24304	29.99991333
2I75	24902	119.9996557
2I75	25219	32.0000016
2I75	26031	71.99958613
2I75	27640	40.9996359
2I75	32600	7.100026996
2I75	34364	17.00004222
2I75	43709	87.99945855
2I75	47285	2.800012692
2NLK	20189	119.9996557
2NLK	20794	43.00015292
2NLK	23412	47.00023182
2NLK	34695	64.00000383
2QR9	20154	28.00012692
2QR9	20182	1.099993199
2QR9	20209	23.0001146
2QR9	21771	62.99992029
2QR9	22360	8.199927263
2QR9	22527	58.00026796
2QR9	22536	11.99996557
2QR9	27923	17.00004222
2QR9	29055	5.600025441
2QR9	30698	51.99959965
2QR9	32537	17.00004222
2QR9	32615	12.99989965
2QR9	37185	40.0000008
2QR9	40713	11.99996557
2QR9	42400	23.99993138
2QR9	46970	1.400006332
2QR9	47257	43.99972884
2QR9	47341	460.0022967
2QR9	47362	85.00021026
2QR9	47367	9.800088554
2QR9	47598	32.99970063
2QYK	20112	1.400006332
2QYK	20794	62.99992029
2QYK	20819	100
2QYK	20894	99.00109543
2QYK	21196	6.100002317
2QYK	21268	35.9997927
2QYK	21301	58.00026796
2QYK	22020	85.00021026
2QYK	22341	16.00000064
2QYK	22828	10
2QYK	23412	29.99991333
2QYK	23869	2.10000341
2QYK	24101	76.99987143
2QYK	24151	70.00031591
2QYK	24266	32.99970063
2QYK	24270	14.00006332
2QYK	24272	5.300050406
2QYK	26031	100
2QYK	27923	21.9998642
2QYK	32470	87.99945855
2QYK	32500	129.9989965
2QYK	32519	129.9989965
2QYK	32600	100
2QYK	34566	66.99925908
2QYK	34573	61.00002317
2QYK	34695	42.00006862
2QYK	37495	49.9999995
2QYK	38666	71.00026996
2QYK	42416	29.99991333
2QYK	47248	1.299989965
2QYK	47303	66.99925908
2QYK	47320	18.99984246
2QYK	47342	100
2QYK	47347	17.99989617
2QYK	47374	87.00014972
2V5Y	20794	7.199958613
2V5Y	21301	65.99940192
2V5Y	23412	14.99995651
2V5Y	25219	16.00000064
2V5Y	25895	47.99986324
2V5Y	26031	54.9996594
2V5Y	27932	24.9999995
2V5Y	31864	35.00015761
2V5Y	32600	35.9997927
2V5Y	34566	23.0001146
2V5Y	34695	11.99996557
2V5Y	34737	44.99973953
2XWT	20939	37.9996853
2XWT	21237	87.00014972
2XWT	24151	47.00023182
2XWT	27403	29.00013369
2XWT	35204	53.99953251
2XWT	47358	43.00015292
2Y6C	20154	62.99992029
2Y6C	20770	89.99947996
2Y6C	21455	96.99961265
2Y6C	24151	119.9996557
2Y6C	24538	20.0000002
2Y6C	25692	51.99959965
2Y6C	27403	129.9989965
2Y6C	34695	90.99970826
2Y6C	37523	129.9989965
2Y6C	40713	92.00046025
2Y6C	47266	14.99995651
2Z5X	20068	12.99989965
2Z5X	20122	87.99945855
2Z5X	20137	71.99958613
2Z5X	20154	49.9999995
2Z5X	20426	17.00004222
2Z5X	20528	58.00026796
2Z5X	20529	6.800017024
2Z5X	20699	43.99972884
2Z5X	20811	2.999991333
2Z5X	20894	12.99989965
2Z5X	20916	66.99925908
2Z5X	20941	35.00015761
2Z5X	21150	1
2Z5X	21218	23.0001146
2Z5X	21717	26.99976598
2Z5X	22111	9.599972744
2Z5X	22308	50.99997932
2Z5X	22588	49.9999995
2Z5X	23951	73.99970697
2Z5X	24065	14.00006332
2Z5X	24066	11.99996557
2Z5X	24235	65.99940192
2Z5X	24359	58.99972671
2Z5X	24460	32.99970063
2Z5X	24621	50.99997932
2Z5X	27236	3.899958629
2Z5X	27923	69.00014446
2Z5X	28038	59.99982725
2Z5X	32004	44.99973953
2Z5X	32372	40.0000008
2Z5X	32569	11.99996557
2Z5X	32647	62.99992029
2Z5X	34492	14.00006332
2Z5X	38298	1.099993199
2Z5X	40371	47.99986324
2Z5X	47259	74.99978182
2Z5X	47263	87.99945855
2Z5X	47271	89.99947996
2Z5X	47288	44.99973953
2Z5X	47299	28.00012692
2Z5X	47315	77.99917335
2Z5X	47320	53.00050406
2Z5X	47347	43.00015292
2Z5X	47349	109.9993199
2Z5X	47351	50.99997932
2Z5X	47364	28.00012692
2Z5X	47371	2.699976598
2Z5X	47381	2.900013369
2Z5X	47540	4.300015292
2Z5X	47592	4.300015292
3AYU	20189	179.9989617
3AYU	20485	16.00000064
3AYU	21123	49.9999995
3AYU	21828	36.99985312
3AYU	23652	65.99940192
3AYU	23998	109.9993199
3AYU	24538	11.99996557
3AYU	26156	9.900109543
3AYU	26193	9.900109543
3AYU	29145	36.99985312
3AYU	32610	49.9999995
3AYU	40713	16.00000064
3AYU	47267	43.00015292
3AYU	47286	51.99959965
3AYU	47287	84.00013809
3AYU	47290	47.00023182
3AYU	47310	21.9998642
3AYU	47311	8.300036458
3AYU	47315	43.00015292
3AYU	47325	80.99906394
3AYU	47371	21.0000341
3AYU	47379	26.99976598
3AYU	47553	53.99953251
3EHS	20426	65.99940192
3EHS	20794	50.99997932
3EHS	27403	68.00017024
3EHS	32523	77.99917335
3EHS	34695	64.99949762
3F81	20189	30.99987909
3F81	20319	17.00004222
3F81	20453	56.00025441
3F81	20485	7.499978182
3F81	21237	37.9996853
3F81	21244	87.00014972
3F81	22959	16.00000064
3F81	23581	10.99993199
3F81	23645	6.199975881
3F81	23892	70.00031591
3F81	23998	5.899972671
3F81	24827	59.99982725
3F81	25805	29.00013369
3F81	25881	34.00008478
3F81	25895	6.900014446
3F81	26076	40.9996359
3F81	26156	14.00006332
3F81	27050	12.99989965
3F81	27403	5.899972671
3F81	27494	54.9996594
3F81	27522	10
3F81	27923	11.99996557
3F81	27932	23.0001146
3F81	31860	12.99989965
3F81	31864	49.9999995
3F81	32537	26.99976598
3F81	34401	4.600022967
3F81	34737	1.299989965
3F81	34742	7.100026996
3F81	35204	14.99995651
3F81	42416	7.299951925
3F81	47258	81.99927263
3F81	47304	29.99991333
3F81	47308	23.0001146
3F81	47310	16.00000064
3F81	47316	62.99992029
3F81	47330	29.99991333
3F81	47369	4.300015292
3F81	47379	11.99996557
3F81	47381	24.9999995
3F81	47553	2.900013369
3F81	47592	29.99991333
3F96	20122	29.99991333
3F96	20299	9.400046457
3F96	20811	32.99970063
3F96	21150	35.00015761
3F96	23581	59.99982725
3F96	23848	66.99925908
3F96	24035	80.0000024
3F96	24235	94.00046457
3F96	24239	49.00044228
3F96	24261	65.99940192
3F96	24280	21.0000341
3F96	24845	36.99985312
3F96	26261	11.99996557
3F96	26900	24.9999995
3F96	27403	4.799986324
3F96	32113	35.00015761
3F96	32520	68.00017024
3F96	32537	34.00008478
3F96	32572	46.00022967
3F96	32649	8.300036458
3F96	34695	54.9996594
3F96	34723	56.00025441
3F96	35204	6.800017024
3F96	37185	54.9996594
3F96	39336	54.9996594
3F96	41097	75.99937137
3F96	41691	58.99972671
3F96	47249	5.999982725
3F96	47272	24.9999995
3F96	47279	109.9993199
3F96	47289	5.999982725
3F96	47311	1.400006332
3F96	47320	30.99987909
3F96	47358	16.00000064
3F96	47362	12.99989965
3F96	47367	12.99989965
3F96	47371	34.00008478
3F96	47377	32.0000016
3F96	47379	2.30001146
3F96	47381	53.99953251
3F96	47598	26.99976598
3HIL	32537	40.0000008
3HIL	34695	58.00026796
3IBD	20069	10.99993199
3IBD	20154	12.99989965
3IBD	20182	14.99995651
3IBD	20209	17.00004222
3IBD	20267	28.00012692
3IBD	20392	11.99996557
3IBD	20426	17.00004222
3IBD	20453	8.799945855
3IBD	20485	36.99985312
3IBD	20560	35.00015761
3IBD	20561	18.99984246
3IBD	20582	12.99989965
3IBD	20620	10
3IBD	20653	6.299992029
3IBD	20699	24.9999995
3IBD	20807	2.49999995
3IBD	20811	9.099970826
3IBD	20916	16.00000064
3IBD	20921	25.99979957
3IBD	20959	4.09996359
3IBD	21166	10
3IBD	22174	4.799986324
3IBD	22265	1.700004222
3IBD	22360	38.99958629
3IBD	22422	20.0000002
3IBD	22448	2.399993138
3IBD	22536	11.99996557
3IBD	24126	14.99995651
3IBD	24211	8.199927263
3IBD	24259	1.199996557
3IBD	24266	4.799986324
3IBD	24280	2.800012692
3IBD	24315	10.99993199
3IBD	24902	29.99991333
3IBD	24913	21.9998642
3IBD	25895	30.99987909
3IBD	26132	58.00026796
3IBD	26261	34.00008478
3IBD	29871	11.99996557
3IBD	32329	1.700004222
3IBD	32372	4.300015292
3IBD	32390	10.99993199
3IBD	32464	14.99995651
3IBD	32488	7.299951925
3IBD	32500	1.700004222
3IBD	32555	18.99984246
3IBD	32601	8.600030669
3IBD	32613	1.299989965
3IBD	32647	2.49999995
3IBD	34402	32.0000016
3IBD	34566	14.00006332
3IBD	34580	30.99987909
3IBD	34653	1.099993199
3IBD	34818	17.99989617
3IBD	34956	4.499973953
3IBD	38666	23.99993138
3IBD	40713	12.99989965
3IBD	47257	21.9998642
3IBD	47264	30.99987909
3IBD	47301	5.999982725
3IBD	47338	6.599940192
3IBD	47371	10.99993199
3IBD	47381	17.99989617
3IBD	47592	1.299989965
3IBD	47598	2.19998642
3KN5	20794	4.600022967
3KN5	25219	18.99984246
3KN5	26031	50.99997932
3KN5	27932	36.99985312
3KN5	31864	35.9997927
3KN5	34695	11.99996557
3KN5	34737	26.99976598
3KN5	43709	94.99921136
3LVP	20794	12.99989965
3LVP	23412	53.00050406
3LVP	32600	25.99979957
3LVP	34695	2.599979957
3LVP	34737	17.00004222
3M2W	22519	59.99982725
3M2W	22927	56.99936271
3M2W	24345	66.99925908
3M2W	25219	29.00013369
3M2W	27932	49.9999995
3M2W	34364	49.00044228
3M2W	34737	64.99949762
3M2W	47369	32.99970063
3NWE	20105	58.00026796
3NWE	20207	1
3NWE	21097	5.800026796
3NWE	21218	17.00004222
3NWE	23412	2.399993138
3NWE	23645	4.09996359
3NWE	24538	12.99989965
3NWE	26076	4.300015292
3NWE	32569	1.099993199
3NWE	38298	56.99936271
3NWE	40713	4.499973953
3NWE	41376	88.99999864
3NYA	20537	17.00004222
3NYA	20653	5.099997932
3NYA	20811	2.900013369
3NYA	21150	17.99989617
3NYA	21217	10
3NYA	21455	87.99945855
3NYA	21456	53.00050406
3NYA	24048	8.199927263
3NYA	25219	36.99985312
3NYA	25895	51.99959965
3NYA	27403	7.100026996
3NYA	27923	30.99987909
3NYA	34742	38.99958629
3NYA	35204	6.900014446
3NYA	37185	85.00021026
3NYA	40371	77.99917335
3NYA	47259	44.99973953
3NYA	47270	1.499995651
3NYA	47283	75.99937137
3NYA	47290	1.099993199
3NYA	47311	4.499973953
3NYA	47313	119.9996557
3NYA	47320	43.99972884
3NYA	47341	140.0006332
3NYA	47342	23.99993138
3NYA	47347	21.9998642
3NYA	47348	68.00017024
3NYA	47349	16.00000064
3NYA	47351	30.99987909
3NYA	47364	17.00004222
3NYA	47368	100
3NYA	47371	23.0001146
3NYA	47377	43.99972884
3NYA	47381	35.00015761
3NYA	47387	100
3OMV	23412	62.99992029
3OMV	25219	29.00013369
3OMV	26031	36.99985312
3OMV	27932	43.99972884
3OMV	31864	32.99970063
3OMV	34737	68.00017024
3OMV	34881	95.99972744
3OMV	47322	76.99987143
3SHI	20822	1.899984246
3SHI	20943	12.99989965
3SHI	21201	17.99989617
3SHI	21485	94.00046457
3SHI	21986	59.99982725
3SHI	22536	21.0000341
3SHI	23719	80.0000024
3SHI	24062	40.9996359
3SHI	24151	16.00000064
3SHI	24157	46.00022967
3SHI	24261	88.99999864
3SHI	24270	21.9998642
3SHI	24538	14.99995651
3SHI	26031	10.99993199
3SHI	27923	14.00006332
3SHI	27932	42.00006862
3SHI	35180	51.99959965
3SHI	35204	12.99989965
3SHI	40713	21.0000341
3SHI	42400	23.0001146
3SHI	47249	51.99959965
3SHI	47255	58.99972671
3SHI	47257	46.00022967
3SHI	47265	4.799986324
3SHI	47266	23.99993138
3SHI	47311	17.00004222
3SHI	47328	3.699985312
3SHI	47349	29.99991333
3SHI	47353	64.00000383
3SHI	47379	14.00006332
3SQ9	20653	119.9996557
3SQ9	20930	1.700004222
3SQ9	24170	7.199958613
3SQ9	32442	10.99993199
3SQ9	34300	7.900052911
3SQ9	34465	23.99993138
3SQ9	34492	29.00013369
3SQ9	34961	6.299992029
3SQ9	47259	26.99976598
3SQ9	47280	66.99925908
3SQ9	47311	62.99992029
3SQ9	47320	51.99959965
3SQ9	47347	47.00023182
3SQ9	47362	87.00014972
3ZFM	23892	94.00046457
3ZFM	32600	62.99992029
3ZFM	34566	17.00004222
3ZFM	34695	36.99985312
4A69	21150	10
4A69	28038	21.0000341
4A69	31864	28.00012692
4A69	32647	84.00013809
4A69	34566	59.99982725
4AGD	20794	30.99987909
4AGD	23412	18.99984246
4AGD	25219	34.00008478
4AGD	26031	30.99987909
4AGD	27397	54.9996594
4AGD	27932	100
4AGD	31864	50.99997932
4AGD	34695	4.99999995
4AGD	34737	38.99958629
4AGD	42416	70.00031591
4CRT	20247	35.9997927
4CRT	20348	29.00013369
4CRT	20426	50.99997932
4CRT	20501	6.400000383
4CRT	20529	7.299951925
4CRT	20653	32.99970063
4CRT	20811	7.499978182
4CRT	20894	43.99972884
4CRT	21717	35.00015761
4CRT	21834	56.00025441
4CRT	22111	59.99982725
4CRT	23796	1.199996557
4CRT	24065	12.99989965
4CRT	24359	47.99986324
4CRT	32356	61.00002317
4CRT	32392	49.9999995
4CRT	32523	25.99979957
4CRT	34392	56.00025441
4CRT	34956	56.00025441
4CRT	40371	26.99976598
4CRT	40755	12.99989965
4CRT	47251	50.99997932
4CRT	47257	43.99972884
4CRT	47320	25.99979957
4CRT	47342	16.00000064
4CRT	47349	25.99979957
4CRT	47362	14.00006332
4CRT	47363	92.9993686
4CRT	47371	49.9999995
4D10	20350	17.00004222
4D10	20807	32.0000016
4D10	20890	29.99991333
4D10	20959	30.99987909
4D10	21385	16.00000064
4D10	21455	12.99989965
4D10	21456	17.99989617
4D10	23796	36.99985312
4D10	24065	4.300015292
4D10	24154	34.00008478
4D10	24261	37.9996853
4D10	24538	37.9996853
4D10	26926	71.00026996
4D10	32358	71.00026996
4D10	32647	53.99953251
4D10	34364	2.800012692
4D10	34712	83.00036458
4D10	35341	64.99949762
4D10	40755	24.9999995
4D10	47342	21.0000341
4DEY	20154	46.00022967
4DEY	20653	7.000031591
4DEY	20811	17.00004222
4DEY	21150	35.00015761
4DEY	21237	24.9999995
4DEY	22536	68.00017024
4DEY	22588	64.00000383
4DEY	23892	11.99996557
4DEY	23998	21.0000341
4DEY	24160	68.00017024
4DEY	24235	37.9996853
4DEY	24276	65.99940192
4DEY	25805	29.00013369
4DEY	26261	20.0000002
4DEY	27403	11.99996557
4DEY	32390	58.99972671
4DEY	32537	12.99989965
4DEY	32649	51.99959965
4DEY	34150	8.700014972
4DEY	34402	35.9997927
4DEY	34545	100
4DEY	34566	5.999982725
4DEY	34742	24.9999995
4DEY	34956	23.0001146
4DEY	35204	14.00006332
4DEY	37185	1.400006332
4DEY	42209	17.99989617
4DEY	47257	7.699987143
4DEY	47290	14.99995651
4DEY	47310	43.00015292
4DEY	47311	34.00008478
4DEY	47315	53.99953251
4DEY	47320	29.99991333
4DEY	47339	14.99995651
4DEY	47341	81.99927263
4DEY	47342	2.00000002
4DEY	47349	87.99945855
4DEY	47351	40.9996359
4DEY	47362	35.9997927
4DEY	47363	42.00006862
4DEY	47369	49.9999995
4DEY	47371	49.00044228
4DEY	47377	10
4DEY	47379	21.9998642
4DEY	47381	16.00000064
4DEY	47387	5.099997932
4DEY	47389	26.99976598
4DEY	47598	7.799917335
4DJH	20182	69.00014446
4DJH	20209	100
4DJH	20465	11.99996557
4DJH	20501	2.699976598
4DJH	20537	20.0000002
4DJH	20653	3.59997927
4DJH	20811	12.99989965
4DJH	21125	17.99989617
4DJH	21150	24.9999995
4DJH	22448	53.99953251
4DJH	23796	64.00000383
4DJH	24048	18.99984246
4DJH	24151	28.00012692
4DJH	24209	34.00008478
4DJH	24211	65.99940192
4DJH	24235	54.9996594
4DJH	24280	34.00008478
4DJH	24523	64.99949762
4DJH	24652	25.99979957
4DJH	24827	8.999947996
4DJH	25178	53.99953251
4DJH	25599	59.99982725
4DJH	25805	20.0000002
4DJH	25895	25.99979957
4DJH	27403	14.99995651
4DJH	28038	40.9996359
4DJH	32376	109.9993199
4DJH	32514	18.99984246
4DJH	32520	29.00013369
4DJH	32523	21.0000341
4DJH	32578	37.9996853
4DJH	34150	71.00026996
4DJH	34212	53.00050406
4DJH	34566	88.99999864
4DJH	34653	47.00023182
4DJH	34742	46.00022967
4DJH	35204	20.0000002
4DJH	40371	36.99985312
4DJH	41097	4.700023182
4DJH	41691	29.99991333
4DJH	42390	47.99986324
4DJH	43709	119.9996557
4DJH	47251	53.00050406
4DJH	47257	8.300036458
4DJH	47259	149.9995651
4DJH	47261	11.99996557
4DJH	47272	2.30001146
4DJH	47277	3.500015761
4DJH	47278	129.9989965
4DJH	47280	25.99979957
4DJH	47281	17.00004222
4DJH	47283	2.10000341
4DJH	47284	83.00036458
4DJH	47289	5.49996594
4DJH	47290	30.99987909
4DJH	47309	86.00030669
4DJH	47311	1.299989965
4DJH	47325	2.999991333
4DJH	47327	9.200046025
4DJH	47339	4.09996359
4DJH	47341	129.9989965
4DJH	47347	42.00006862
4DJH	47349	119.9996557
4DJH	47353	5.300050406
4DJH	47357	18.99984246
4DJH	47363	17.00004222
4DJH	47367	40.9996359
4DJH	47368	320.000016
4DJH	47371	53.99953251
4DJH	47379	17.00004222
4DJH	47387	50.99997932
4EKK	24538	81.99927263
4EKK	25219	29.99991333
4EKK	26031	62.99992029
4EKK	31864	56.00025441
4EKK	32498	54.9996594
4EKK	34695	2.49999995
4EKK	42416	14.99995651
4EKK	43709	140.0006332
4EKK	47377	24.9999995
4ETM	20794	2.399993138
4ETM	23412	24.9999995
4ETM	31864	16.00000064
4ETM	32600	40.9996359
4ETM	34695	4.600022967
4ETM	40361	64.99949762
4G9L	20189	43.00015292
4G9L	21201	11.99996557
4G9L	21455	70.00031591
4G9L	21456	69.00014446
4G9L	21969	11.99996557
4G9L	23652	35.9997927
4G9L	24104	10
4G9L	24436	32.99970063
4G9L	24538	12.99989965
4G9L	24845	149.9995651
4G9L	25219	23.0001146
4G9L	26031	58.99972671
4G9L	26076	94.99921136
4G9L	26156	54.9996594
4G9L	27923	16.00000064
4G9L	27932	40.9996359
4G9L	31860	26.99976598
4G9L	31864	14.99995651
4G9L	32514	6.900014446
4G9L	34695	85.00021026
4G9L	37706	29.00013369
4G9L	40713	37.9996853
4G9L	42416	30.99987909
4G9L	47249	43.99972884
4G9L	47265	5.300050406
4G9L	47266	1.600000064
4G9L	47268	49.00044228
4G9L	47325	129.9989965
4G9L	47375	29.00013369
4G9L	47553	10
4GE2	20485	43.99972884
4GE2	20894	54.9996594
4GE2	21135	71.99958613
4GE2	21150	23.99993138
4GE2	21195	21.0000341
4GE2	21301	4.900044228
4GE2	21464	100
4GE2	21689	58.99972671
4GE2	21936	49.00044228
4GE2	23412	2.49999995
4GE2	24304	40.9996359
4GE2	25219	4.99999995
4GE2	25881	14.00006332
4GE2	26031	16.00000064
4GE2	27034	53.99953251
4GE2	27932	8.099906394
4GE2	31863	61.00002317
4GE2	32600	4.00000008
4GE2	34223	32.99970063
4GE2	34364	49.00044228
4GE2	38298	1.600000064
4GE2	47320	37.9996853
4GE2	47347	49.00044228
4GPO	20154	43.99972884
4GPO	20465	40.0000008
4GPO	20653	8.00000024
4GPO	20699	56.00025441
4GPO	20770	3.099987909
4GPO	22253	58.00026796
4GPO	22959	6.499949762
4GPO	23796	73.99970697
4GPO	23892	18.99984246
4GPO	24827	53.00050406
4GPO	25219	6.900014446
4GPO	25805	43.00015292
4GPO	26031	37.9996853
4GPO	27397	51.99959965
4GPO	27403	1.099993199
4GPO	27923	4.00000008
4GPO	27932	12.99989965
4GPO	31860	26.99976598
4GPO	32498	58.99972671
4GPO	32537	4.99999995
4GPO	34150	42.00006862
4GPO	34566	14.00006332
4GPO	34742	7.599937137
4GPO	37185	14.99995651
4GPO	37706	40.9996359
4GPO	40713	29.00013369
4GPO	42400	28.00012692
4GPO	42416	7.399970697
4GPO	47257	29.00013369
4GPO	47277	4.09996359
4GPO	47308	73.99970697
4GPO	47315	2.800012692
4GPO	47342	49.00044228
4GPO	47349	80.0000024
4GPO	47353	24.9999995
4GPO	47357	10
4GPO	47360	3.099987909
4GPO	47362	1.400006332
4GPO	47364	38.99958629
4GPO	47367	29.99991333
4GPO	47371	23.99993138
4GPO	47377	6.900014446
4GPO	47381	16.00000064
4GPO	47389	2.00000002
4GPO	47598	28.00012692
4GQS	20069	2.599979957
4GQS	20112	34.00008478
4GQS	20137	14.00006332
4GQS	20154	2.10000341
4GQS	20160	21.0000341
4GQS	20182	5.099997932
4GQS	20205	4.200006862
4GQS	20207	17.99989617
4GQS	20209	10.99993199
4GQS	20220	11.99996557
4GQS	20243	16.00000064
4GQS	20267	11.99996557
4GQS	20373	10.99993199
4GQS	20392	3.699985312
4GQS	20407	7.299951925
4GQS	20442	24.9999995
4GQS	20453	23.0001146
4GQS	20479	3.500015761
4GQS	20480	23.0001146
4GQS	20485	4.700023182
4GQS	20510	20.0000002
4GQS	20560	9.499921136
4GQS	20576	1.199996557
4GQS	20582	2.10000341
4GQS	20607	21.0000341
4GQS	20620	2.699976598
4GQS	20627	1.799989617
4GQS	20653	3.899958629
4GQS	20699	5.399953251
4GQS	20755	6.699925908
4GQS	20790	21.0000341
4GQS	20794	14.00006332
4GQS	20807	2.900013369
4GQS	20827	16.00000064
4GQS	20867	24.9999995
4GQS	20916	3.699985312
4GQS	20921	29.00013369
4GQS	20959	21.0000341
4GQS	21126	7.900052911
4GQS	21150	1
4GQS	21166	1.700004222
4GQS	21237	46.00022967
4GQS	21244	34.00008478
4GQS	21322	1.099993199
4GQS	21385	35.9997927
4GQS	21409	2.19998642
4GQS	21781	14.00006332
4GQS	21952	2.599979957
4GQS	22049	37.9996853
4GQS	22253	10.99993199
4GQS	22265	7.399970697
4GQS	22325	1.099993199
4GQS	22361	3.099987909
4GQS	22370	9.499921136
4GQS	22422	25.99979957
4GQS	22442	24.9999995
4GQS	22448	4.99999995
4GQS	22959	9.599972744
4GQS	23581	10.99993199
4GQS	23848	6.699925908
4GQS	23869	14.99995651
4GQS	23871	8.199927263
4GQS	23892	8.600030669
4GQS	23897	1.299989965
4GQS	23914	24.9999995
4GQS	23998	9.699961265
4GQS	24002	17.99989617
4GQS	24035	29.00013369
4GQS	24086	5.300050406
4GQS	24102	5.800026796
4GQS	24109	14.00006332
4GQS	24154	2.00000002
4GQS	24159	11.99996557
4GQS	24160	9.499921136
4GQS	24209	37.9996853
4GQS	24211	1.199996557
4GQS	24234	8.999947996
4GQS	24238	2.800012692
4GQS	24245	32.0000016
4GQS	24276	16.00000064
4GQS	24299	37.9996853
4GQS	24317	24.9999995
4GQS	24337	12.99989965
4GQS	24338	14.99995651
4GQS	24460	11.99996557
4GQS	24489	30.99987909
4GQS	24523	16.00000064
4GQS	24652	2.49999995
4GQS	24827	2.599979957
4GQS	24902	21.0000341
4GQS	24913	21.9998642
4GQS	25091	2.49999995
4GQS	25132	21.0000341
4GQS	25133	29.99991333
4GQS	25680	20.0000002
4GQS	25805	9.499921136
4GQS	25895	11.99996557
4GQS	26076	32.0000016
4GQS	26081	1.799989617
4GQS	26214	40.0000008
4GQS	26261	10
4GQS	26640	21.0000341
4GQS	26967	16.00000064
4GQS	27268	18.99984246
4GQS	27608	21.0000341
4GQS	27640	20.0000002
4GQS	27921	10.99993199
4GQS	27923	25.99979957
4GQS	27991	21.0000341
4GQS	28038	2.10000341
4GQS	29055	3.500015761
4GQS	29871	1.099993199
4GQS	29874	21.0000341
4GQS	31864	14.00006332
4GQS	32004	4.00000008
4GQS	32352	40.0000008
4GQS	32359	21.9998642
4GQS	32379	24.9999995
4GQS	32392	18.99984246
4GQS	32393	1.299989965
4GQS	32459	21.9998642
4GQS	32464	17.00004222
4GQS	32488	1.499995651
4GQS	32498	2.30001146
4GQS	32519	14.99995651
4GQS	32520	2.599979957
4GQS	32532	10
4GQS	32537	7.799917335
4GQS	32544	12.99989965
4GQS	32549	14.00006332
4GQS	32550	16.00000064
4GQS	32551	14.99995651
4GQS	32552	1.099993199
4GQS	32553	10.99993199
4GQS	32554	8.00000024
4GQS	32562	14.00006332
4GQS	32578	6.599940192
4GQS	32580	18.99984246
4GQS	32605	20.0000002
4GQS	32628	2.900013369
4GQS	32640	29.00013369
4GQS	32646	35.00015761
4GQS	32647	14.00006332
4GQS	32649	14.00006332
4GQS	34286	40.0000008
4GQS	34300	16.00000064
4GQS	34303	5.699936271
4GQS	34392	10
4GQS	34402	1.299989965
4GQS	34492	8.300036458
4GQS	34503	7.000031591
4GQS	34545	10.99993199
4GQS	34566	17.00004222
4GQS	34580	3.699985312
4GQS	34586	21.0000341
4GQS	34609	28.00012692
4GQS	34625	5.800026796
4GQS	34695	16.00000064
4GQS	34742	4.600022967
4GQS	34818	7.199958613
4GQS	34855	53.00050406
4GQS	34930	7.399970697
4GQS	34973	4.00000008
4GQS	35180	7.699987143
4GQS	35957	14.99995651
4GQS	37523	29.99991333
4GQS	37706	20.0000002
4GQS	37712	2.00000002
4GQS	38666	6.599940192
4GQS	38732	29.00013369
4GQS	39336	6.699925908
4GQS	40001	38.99958629
4GQS	40002	36.99985312
4GQS	40361	18.99984246
4GQS	40713	6.800017024
4GQS	40755	36.99985312
4GQS	40788	14.00006332
4GQS	41248	6.100002317
4GQS	41623	25.99979957
4GQS	42390	9.099970826
4GQS	44572	17.00004222
4GQS	46970	24.9999995
4GQS	47246	1.499995651
4GQS	47249	21.0000341
4GQS	47257	10.99993199
4GQS	47258	29.99991333
4GQS	47261	17.99989617
4GQS	47262	16.00000064
4GQS	47264	35.9997927
4GQS	47271	23.99993138
4GQS	47272	8.400013809
4GQS	47278	11.99996557
4GQS	47280	1.600000064
4GQS	47281	17.99989617
4GQS	47287	14.99995651
4GQS	47289	14.00006332
4GQS	47290	14.99995651
4GQS	47301	14.99995651
4GQS	47303	1.099993199
4GQS	47311	16.00000064
4GQS	47320	3.500015761
4GQS	47351	14.00006332
4GQS	47358	30.99987909
4GQS	47362	2.699976598
4GQS	47367	8.300036458
4GQS	47377	7.100026996
4GQS	47379	1.099993199
4GQS	47387	2.49999995
4GQS	47389	5.899972671
4GQS	47528	17.99989617
4GQS	47535	9.800088554
4GQS	47540	16.00000064
4GQS	47542	1.099993199
4GRY	20068	17.00004222
4GRY	20283	28.00012692
4GRY	20485	8.600030669
4GRY	20794	23.0001146
4GRY	20944	40.9996359
4GRY	21094	58.99972671
4GRY	21393	14.99995651
4GRY	22442	11.99996557
4GRY	23412	10
4GRY	23412	32.99970063
4GRY	23645	14.00006332
4GRY	23877	98.00088554
4GRY	23878	54.9996594
4GRY	25091	32.0000016
4GRY	25110	54.9996594
4GRY	25219	7.699987143
4GRY	25895	54.9996594
4GRY	26031	5.600025441
4GRY	31864	18.99984246
4GRY	32600	26.99976598
4GRY	34695	37.9996853
4GRY	34737	18.99984246
4GRY	40713	5.600025441
4GRY	47257	44.99973953
4GV1	20794	1.199996557
4GV1	20916	80.0000024
4GV1	25219	28.00012692
4GV1	25805	34.00008478
4GV1	27932	51.99959965
4GV1	31864	54.9996594
4GV1	32520	12.99989965
4GV1	34695	2.10000341
4GV1	42416	16.00000064
4GV1	47553	1.899984246
4HKR	20465	20.0000002
4HKR	20501	2.599979957
4HKR	20537	8.500021026
4HKR	20576	49.00044228
4HKR	20653	6.199975881
4HKR	21217	26.99976598
4HKR	21237	8.199927263
4HKR	21301	2.49999995
4HKR	21455	69.00014446
4HKR	23796	6.299992029
4HKR	23892	20.0000002
4HKR	24048	47.00023182
4HKR	24827	2.19998642
4HKR	25178	49.9999995
4HKR	25805	34.00008478
4HKR	26900	11.99996557
4HKR	27403	16.00000064
4HKR	32113	36.99985312
4HKR	32520	38.99958629
4HKR	32537	4.00000008
4HKR	34150	2.19998642
4HKR	34187	10.99993199
4HKR	34212	7.499978182
4HKR	34545	76.99987143
4HKR	34566	7.299951925
4HKR	34742	47.99986324
4HKR	34956	10.99993199
4HKR	35204	21.0000341
4HKR	37185	2.999991333
4HKR	41097	64.00000383
4HKR	43709	3.699985312
4HKR	47251	1.199996557
4HKR	47252	35.9997927
4HKR	47283	5.199959965
4HKR	47288	1.400006332
4HKR	47290	10.99993199
4HKR	47311	8.700014972
4HKR	47313	12.99989965
4HKR	47320	7.199958613
4HKR	47327	26.99976598
4HKR	47339	3.299970063
4HKR	47341	20.0000002
4HKR	47342	1.099993199
4HKR	47347	14.99995651
4HKR	47348	1.199996557
4HKR	47349	10.99993199
4HKR	47351	2.49999995
4HKR	47358	6.699925908
4HKR	47362	7.799917335
4HKR	47363	1.899984246
4HKR	47364	1.700004222
4HKR	47368	72.99951925
4HKR	47371	2.49999995
4HKR	47377	7.699987143
4HKR	47379	58.00026796
4HKR	47381	3.699985312
4HKR	47385	50.99997932
4HKR	47387	1.099993199
4HKR	47389	5.399953251
4IAQ	20485	20.0000002
4IAQ	20537	77.99917335
4IAQ	21150	25.99979957
4IAQ	21239	35.00015761
4IAQ	21455	6.599940192
4IAQ	21456	21.0000341
4IAQ	22817	56.00025441
4IAQ	23796	44.99973953
4IAQ	23871	1.899984246
4IAQ	24436	25.99979957
4IAQ	24652	42.00006862
4IAQ	24827	14.00006332
4IAQ	25091	17.99989617
4IAQ	25881	79.00052911
4IAQ	27403	16.00000064
4IAQ	35204	23.99993138
4IAQ	42390	43.00015292
4IAQ	47248	29.99991333
4IAQ	47257	26.99976598
4IAQ	47270	49.00044228
4IAQ	47353	88.99999864
4IAQ	47355	1
4IAQ	47362	2.399993138
4IAQ	47363	26.99976598
4IAQ	47371	8.199927263
4IAQ	47381	10.99993199
4JP4	20209	35.00015761
4JP4	20485	28.00012692
4JP4	21301	56.00025441
4JP4	21455	109.9993199
4JP4	21456	21.0000341
4JP4	23556	76.99987143
4JP4	23652	35.9997927
4JP4	23892	35.00015761
4JP4	23998	11.99996557
4JP4	24160	14.99995651
4JP4	24538	1.099993199
4JP4	24845	28.00012692
4JP4	25132	2.00000002
4JP4	25219	32.0000016
4JP4	25895	6.800017024
4JP4	26156	5.099997932
4JP4	31864	5.800026796
4JP4	32667	12.99989965
4JP4	34695	69.00014446
4JP4	34742	12.99989965
4JP4	40713	2.800012692
4JP4	47138	17.99989617
4JP4	47249	54.9996594
4JP4	47253	83.00036458
4JP4	47286	58.99972671
4JP4	47287	75.99937137
4JP4	47289	1.400006332
4JP4	47295	2.19998642
4JP4	47299	65.99940192
4JP4	47310	9.800088554
4JP4	47311	12.99989965
4JP4	47315	14.99995651
4JP4	47325	25.99979957
4JP4	47349	21.9998642
4JP4	47371	21.9998642
4JP4	47377	35.00015761
4JP4	47379	17.99989617
4JP4	47553	35.9997927
4MQE	20811	17.99989617
4MQE	21150	21.9998642
4MQE	47307	37.9996853
4MQS	20501	42.00006862
4MQS	20537	1.099993199
4MQS	20811	1.199996557
4MQS	21150	1.099993199
4MQS	21185	34.00008478
4MQS	21301	21.0000341
4MQS	23796	2.00000002
4MQS	24048	7.799917335
4MQS	24151	10.99993199
4MQS	24206	43.99972884
4MQS	24315	71.00026996
4MQS	24436	40.9996359
4MQS	25178	54.9996594
4MQS	25895	47.99986324
4MQS	26900	1.700004222
4MQS	27923	46.00022967
4MQS	32359	4.900044228
4MQS	32514	71.00026996
4MQS	32537	6.199975881
4MQS	34150	46.00022967
4MQS	34212	24.9999995
4MQS	34742	29.99991333
4MQS	34948	61.00002317
4MQS	35204	5.300050406
4MQS	37185	17.00004222
4MQS	42416	40.0000008
4MQS	47259	8.500021026
4MQS	47272	30.99987909
4MQS	47280	32.0000016
4MQS	47284	53.99953251
4MQS	47311	32.99970063
4MQS	47313	64.99949762
4MQS	47320	1.700004222
4MQS	47333	40.9996359
4MQS	47335	23.0001146
4MQS	47339	23.99993138
4MQS	47341	92.00046025
4MQS	47347	12.99989965
4MQS	47353	8.199927263
4MQS	47359	42.00006862
4MQS	47360	4.09996359
4MQS	47362	2.900013369
4MQS	47363	42.00006862
4MQS	47368	40.0000008
4MQS	47371	1.400006332
4MQS	47377	4.09996359
4MQS	47381	12.99989965
4MQS	47387	32.0000016
4MQS	47389	4.900044228
4MS3	21137	21.9998642
4MS3	21164	47.99986324
4MS3	21217	40.9996359
4MS3	26081	49.9999995
4MS3	47290	85.00021026
4MS3	47342	24.9999995
4MS3	47359	53.99953251
4MS3	47377	28.00012692
4NZ2	20069	6.400000383
4NZ2	20122	7.799917335
4NZ2	20137	17.99989617
4NZ2	20154	5.199959965
4NZ2	20168	16.00000064
4NZ2	20182	5.800026796
4NZ2	20189	34.00008478
4NZ2	20209	10
4NZ2	20220	5.800026796
4NZ2	20243	28.00012692
4NZ2	20480	18.99984246
4NZ2	20485	6.900014446
4NZ2	20576	8.099906394
4NZ2	20582	26.99976598
4NZ2	20620	40.0000008
4NZ2	20653	7.599937137
4NZ2	20699	11.99996557
4NZ2	20794	43.99972884
4NZ2	20811	3.099987909
4NZ2	20819	3.59997927
4NZ2	20827	23.99993138
4NZ2	20855	4.09996359
4NZ2	20910	21.9998642
4NZ2	20916	9.200046025
4NZ2	21100	2.599979957
4NZ2	21125	7.199958613
4NZ2	21126	12.99989965
4NZ2	21150	8.899999864
4NZ2	21166	5.199959965
4NZ2	21244	29.00013369
4NZ2	21322	2.800012692
4NZ2	21332	2.399993138
4NZ2	22174	14.00006332
4NZ2	22253	5.699936271
4NZ2	22325	2.19998642
4NZ2	22442	10.99993199
4NZ2	22536	26.99976598
4NZ2	22777	6.299992029
4NZ2	22959	4.499973953
4NZ2	23556	18.99984246
4NZ2	23581	17.00004222
4NZ2	23897	8.199927263
4NZ2	23950	21.0000341
4NZ2	23998	17.99989617
4NZ2	24051	4.99999995
4NZ2	24109	23.0001146
4NZ2	24112	9.900109543
4NZ2	24154	14.00006332
4NZ2	24211	8.099906394
4NZ2	24235	1
4NZ2	24242	12.99989965
4NZ2	24259	2.800012692
4NZ2	24266	14.99995651
4NZ2	24280	5.999982725
4NZ2	24315	17.00004222
4NZ2	24460	12.99989965
4NZ2	24489	21.9998642
4NZ2	24652	4.499973953
4NZ2	24913	14.00006332
4NZ2	25091	11.99996557
4NZ2	25219	35.9997927
4NZ2	25453	17.99989617
4NZ2	25680	8.899999864
4NZ2	25805	9.099970826
4NZ2	25895	20.0000002
4NZ2	26076	98.00088554
4NZ2	26081	4.200006862
4NZ2	26967	23.99993138
4NZ2	29289	6.299992029
4NZ2	31860	3.699985312
4NZ2	31863	1.799989617
4NZ2	32113	9.599972744
4NZ2	32329	2.19998642
4NZ2	32344	20.0000002
4NZ2	32359	17.99989617
4NZ2	32372	1.400006332
4NZ2	32390	3.299970063
4NZ2	32393	26.99976598
4NZ2	32464	12.99989965
4NZ2	32470	2.00000002
4NZ2	32493	17.99989617
4NZ2	32498	14.99995651
4NZ2	32500	5.899972671
4NZ2	32525	8.199927263
4NZ2	32548	14.00006332
4NZ2	32549	3.299970063
4NZ2	32551	6.599940192
4NZ2	32578	23.0001146
4NZ2	32613	2.10000341
4NZ2	32638	2.699976598
4NZ2	32647	18.99984246
4NZ2	34187	29.99991333
4NZ2	34402	7.900052911
4NZ2	34492	5.999982725
4NZ2	34609	14.99995651
4NZ2	34634	2.49999995
4NZ2	34695	61.99975881
4NZ2	34742	9.599972744
4NZ2	34956	3.500015761
4NZ2	35180	17.99989617
4NZ2	38298	2.30001146
4NZ2	38939	4.700023182
4NZ2	39336	29.99991333
4NZ2	40112	25.99979957
4NZ2	40713	10.99993199
4NZ2	40788	32.0000016
4NZ2	41097	50.99997932
4NZ2	41248	2.699976598
4NZ2	41376	21.9998642
4NZ2	46970	14.00006332
4NZ2	47257	23.99993138
4NZ2	47258	26.99976598
4NZ2	47271	26.99976598
4NZ2	47272	10
4NZ2	47281	28.00012692
4NZ2	47288	10.99993199
4NZ2	47289	7.799917335
4NZ2	47290	18.99984246
4NZ2	47301	12.99989965
4NZ2	47304	21.9998642
4NZ2	47311	35.00015761
4NZ2	47313	40.0000008
4NZ2	47330	12.99989965
4NZ2	47353	1.299989965
4NZ2	47362	14.99995651
4NZ2	47367	20.0000002
4NZ2	47377	23.99993138
4NZ2	47379	2.999991333
4NZ2	47381	2.10000341
4NZ2	47387	21.9998642
4NZ2	47389	2.699976598
4NZ2	47540	11.99996557
4NZ2	47542	9.400046457
4NZ2	47553	24.9999995
4OAR	20154	20.0000002
4OAR	20182	53.00050406
4OAR	20510	46.00022967
4OAR	20582	29.99991333
4OAR	20855	32.0000016
4OAR	21100	17.99989617
4OAR	21256	50.99997932
4OAR	22325	9.599972744
4OAR	22442	16.00000064
4OAR	22536	44.99973953
4OAR	22959	32.0000016
4OAR	23541	47.99986324
4OAR	24151	42.00006862
4OAR	24238	96.99961265
4OAR	24270	79.00052911
4OAR	24436	81.99927263
4OAR	24523	26.99976598
4OAR	25219	21.9998642
4OAR	26076	129.9989965
4OAR	26081	71.00026996
4OAR	26261	24.9999995
4OAR	27923	14.99995651
4OAR	27932	29.00013369
4OAR	31864	51.99959965
4OAR	32464	81.99927263
4OAR	32500	71.99958613
4OAR	32613	17.00004222
4OAR	35204	8.999947996
4OAR	37706	53.00050406
4OAR	42059	75.99937137
4OAR	47271	53.00050406
4OAR	47272	20.0000002
4OAR	47290	129.9989965
4OAR	47306	40.9996359
4OAR	47335	59.99982725
4OAR	47379	54.9996594
4OAR	47540	43.00015292
4OAR	47592	42.00006862
4OEW	20122	66.99925908
4OEW	20283	40.0000008
4OEW	20319	47.00023182
4OEW	20894	79.00052911
4OEW	21864	35.9997927
4OEW	23412	8.999947996
4OEW	23869	35.9997927
4OEW	23990	42.00006862
4OEW	24151	37.9996853
4OEW	24163	79.00052911
4OEW	24270	56.00025441
4OEW	24272	28.00012692
4OEW	24317	29.99991333
4OEW	25881	96.99961265
4OEW	26665	54.9996594
4OEW	27932	17.99989617
4OEW	31864	24.9999995
4OEW	32600	18.99984246
4OEW	34492	21.9998642
4OEW	34634	10.99993199
4OEW	34695	75.99937137
4OEW	34868	79.00052911
4OEW	47266	23.99993138
4OEW	47271	71.00026996
4OEW	47291	53.00050406
4OEW	47306	84.00013809
4OEW	47339	59.99982725
4OEW	47383	280.0012692
4OEW	47565	129.9989965
4OIV	20154	18.99984246
4OIV	20182	61.00002317
4OIV	20699	38.99958629
4OIV	20784	17.00004222
4OIV	20794	40.0000008
4OIV	21301	14.00006332
4OIV	21332	71.00026996
4OIV	23412	34.00008478
4OIV	23892	18.99984246
4OIV	24238	65.99940192
4OIV	24266	119.9996557
4OIV	24287	10
4OIV	24902	81.99927263
4OIV	25219	11.99996557
4OIV	27932	20.0000002
4OIV	29879	16.00000064
4OIV	31864	36.99985312
4OIV	32555	92.9993686
4OIV	32640	96.99961265
4OIV	32647	109.9993199
4OIV	34270	109.9993199
4OIV	34566	40.9996359
4OIV	34588	72.99951925
4OIV	34664	32.99970063
4OIV	34695	40.0000008
4OIV	34737	43.00015292
4OIV	35957	119.9996557
4OIV	37185	71.99958613
4OIV	38298	32.0000016
4OIV	40001	100
4OIV	47251	46.00022967
4OIV	47367	34.00008478
4OIV	47369	4.399972884
4OIV	47598	20.0000002
4OR2	20243	50.99997932
4OR2	20811	12.99989965
4OR2	21150	11.99996557
4OR2	21409	30.99987909
4OR2	23892	17.00004222
4OR2	24652	50.99997932
4OR2	25219	8.400013809
4OR2	25805	17.99989617
4OR2	27403	2.19998642
4OR2	28038	17.00004222
4OR2	32523	30.99987909
4OR2	32537	35.9997927
4OR2	34566	20.0000002
4OR2	35204	4.399972884
4OR2	47316	23.0001146
4OR2	47353	62.99992029
4OR2	47377	32.0000016
4QTB	20794	18.99984246
4QTB	24489	25.99979957
4QTB	25219	21.9998642
4QTB	26031	53.00050406
4QTB	34695	62.99992029
4QTB	34737	18.99984246
4R7H	20189	8.199927263
4R7H	23412	18.99984246
4R7H	24109	71.00026996
4R7H	24287	58.00026796
4R7H	25219	17.99989617
4R7H	26031	38.99958629
4R7H	27932	23.99993138
4R7H	31864	32.99970063
4R7H	34695	9.099970826
4R7H	34737	11.99996557
4R7H	42416	9.200046025
4R7H	47311	56.99936271
4RUI	20243	6.699925908
4RUI	20426	4.499973953
4RUI	20479	6.299992029
4RUI	20601	38.99958629
4RUI	20807	24.9999995
4RUI	20811	12.99989965
4RUI	20819	9.200046025
4RUI	20855	4.700023182
4RUI	20943	7.100026996
4RUI	20959	23.99993138
4RUI	24235	2.800012692
4RUI	32390	24.9999995
4RUI	32519	2.10000341
4RUI	32647	5.099997932
4RWA	20068	20.0000002
4RWA	20154	16.00000064
4RWA	20182	21.9998642
4RWA	20501	10.99993199
4RWA	20653	8.600030669
4RWA	20822	70.00031591
4RWA	22360	54.9996594
4RWA	22442	32.0000016
4RWA	22959	10.99993199
4RWA	23796	80.0000024
4RWA	23826	66.99925908
4RWA	24151	38.99958629
4RWA	24280	7.499978182
4RWA	24436	25.99979957
4RWA	25219	8.099906394
4RWA	26031	34.00008478
4RWA	27923	5.600025441
4RWA	27932	14.99995651
4RWA	31860	32.99970063
4RWA	31864	84.00013809
4RWA	32498	12.99989965
4RWA	32520	53.99953251
4RWA	32537	4.600022967
4RWA	34566	21.0000341
4RWA	34742	14.00006332
4RWA	37185	14.99995651
4RWA	40713	50.99997932
4RWA	42400	21.0000341
4RWA	42416	7.699987143
4RWA	47257	26.99976598
4RWA	47290	37.9996853
4RWA	47304	75.99937137
4RWA	47310	25.99979957
4RWA	47315	14.99995651
4RWA	47337	14.00006332
4RWA	47341	340.0008478
4RWA	47342	43.99972884
4RWA	47353	11.99996557
4RWA	47362	51.99959965
4RWA	47367	44.99973953
4RWA	47371	11.99996557
4RWA	47377	4.399972884
4RWA	47379	17.99989617
4RWA	47381	11.99996557
4RWA	47387	76.99987143
4RWA	47553	29.00013369
4RWA	47598	20.0000002
4TK1	20122	40.0000008
4TK1	20209	100
4TK1	20336	62.99992029
4TK1	21277	26.99976598
4TK1	21554	40.9996359
4TK1	21781	51.99959965
4TK1	22731	149.9995651
4TK1	23892	25.99979957
4TK1	25178	42.00006862
4TK1	26967	1.600000064
4TK1	32329	14.00006332
4TK1	32552	43.00015292
4TK1	32651	10.99993199
4TK1	32651	20.0000002
4TK1	34566	17.00004222
4TK1	34653	2.49999995
4TK1	34961	96.99961265
4TK1	41097	58.99972671
4TK1	47248	2.30001146
4TK1	47248	37.9996853
4TK1	47254	1.899984246
4TK1	47331	53.00050406
4TZI	32646	149.9995651
4TZI	34210	35.00015761
4U14	20154	129.9989965
4U14	20392	47.99986324
4U14	20501	30.99987909
4U14	20537	1.499995651
4U14	20653	5.800026796
4U14	21301	11.99996557
4U14	21409	50.99997932
4U14	22959	21.0000341
4U14	23796	12.99989965
4U14	24048	23.0001146
4U14	24151	12.99989965
4U14	24235	58.00026796
4U14	24315	40.9996359
4U14	24436	42.00006862
4U14	25178	61.99975881
4U14	25219	42.00006862
4U14	25895	71.99958613
4U14	26900	3.099987909
4U14	27403	1.299989965
4U14	27923	18.99984246
4U14	27932	24.9999995
4U14	32359	14.99995651
4U14	32537	3.400008478
4U14	34212	94.99921136
4U14	34566	17.00004222
4U14	34742	18.99984246
4U14	34877	69.00014446
4U14	35204	2.49999995
4U14	37185	100
4U14	40713	119.9996557
4U14	42400	38.99958629
4U14	42416	18.99984246
4U14	47259	8.099906394
4U14	47283	14.99995651
4U14	47313	87.99945855
4U14	47342	3.20000016
4U14	47347	14.99995651
4U14	47351	17.00004222
4U14	47353	10.99993199
4U14	47357	49.9999995
4U14	47359	47.00023182
4U14	47360	5.099997932
4U14	47362	14.99995651
4U14	47367	40.0000008
4U14	47368	309.9987909
4U14	47377	6.299992029
4U14	47381	17.99989617
4U14	47389	56.99936271
4W4W	25219	61.99975881
4W4W	26031	70.00031591
4XNU	20137	14.99995651
4XNU	20154	7.599937137
4XNU	20182	20.0000002
4XNU	20209	56.00025441
4XNU	20299	6.100002317
4XNU	20371	36.99985312
4XNU	20537	4.700023182
4XNU	20560	32.99970063
4XNU	20576	1.299989965
4XNU	20653	5.399953251
4XNU	20764	140.0006332
4XNU	20811	40.0000008
4XNU	20827	36.99985312
4XNU	20855	65.99940192
4XNU	21094	3.59997927
4XNU	21201	100
4XNU	21322	40.9996359
4XNU	21771	73.99970697
4XNU	21781	61.99975881
4XNU	21952	47.99986324
4XNU	22325	3.299970063
4XNU	22360	71.00026996
4XNU	22413	36.99985312
4XNU	22442	28.00012692
4XNU	22536	18.99984246
4XNU	22959	20.0000002
4XNU	23796	2.19998642
4XNU	23892	14.00006332
4XNU	23951	37.9996853
4XNU	23998	30.99987909
4XNU	24002	58.99972671
4XNU	24151	20.0000002
4XNU	24160	129.9989965
4XNU	24242	6.100002317
4XNU	24270	8.899999864
4XNU	24276	23.99993138
4XNU	24315	21.9998642
4XNU	24460	29.00013369
4XNU	24827	10.99993199
4XNU	25219	29.00013369
4XNU	25895	58.00026796
4XNU	26132	170.0004222
4XNU	26900	38.99958629
4XNU	27403	10.99993199
4XNU	27640	5.800026796
4XNU	32113	9.29993686
4XNU	32329	58.99972671
4XNU	32372	54.9996594
4XNU	32393	71.99958613
4XNU	32498	53.00050406
4XNU	32500	80.0000024
4XNU	32523	47.99986324
4XNU	32572	23.0001146
4XNU	32647	53.99953251
4XNU	32655	4.600022967
4XNU	34150	2.30001146
4XNU	34742	8.799945855
4XNU	34881	84.00013809
4XNU	35204	21.0000341
4XNU	37185	29.99991333
4XNU	39336	23.99993138
4XNU	40371	25.99979957
4XNU	40788	68.00017024
4XNU	41623	56.99936271
4XNU	41691	30.99987909
4XNU	47251	10.99993199
4XNU	47270	10.99993199
4XNU	47290	5.999982725
4XNU	47303	11.99996557
4XNU	47315	72.99951925
4XNU	47320	12.99989965
4XNU	47327	35.9997927
4XNU	47337	35.9997927
4XNU	47341	7.000031591
4XNU	47342	29.99991333
4XNU	47347	17.00004222
4XNU	47348	34.00008478
4XNU	47349	6.699925908
4XNU	47351	23.99993138
4XNU	47353	8.300036458
4XNU	47359	7.699987143
4XNU	47360	16.00000064
4XNU	47362	3.20000016
4XNU	47363	69.00014446
4XNU	47364	17.00004222
4XNU	47367	9.499921136
4XNU	47368	77.99917335
4XNU	47371	11.99996557
4XNU	47377	58.00026796
4XNU	47379	58.00026796
4XNU	47381	12.99989965
4XNU	47387	69.00014446
4XNU	47389	84.00013809
4XNU	47598	20.0000002
4XNV	20122	29.00013369
4XNV	20446	56.00025441
4XNV	20792	21.0000341
4XNV	20794	16.00000064
4XNV	20819	2.49999995
4XNV	21150	9.099970826
4XNV	21151	1.899984246
4XNV	22111	8.500021026
4XNV	22253	24.9999995
4XNV	22959	53.99953251
4XNV	24175	29.99991333
4XNV	24266	25.99979957
4XNV	25219	37.9996853
4XNV	27204	1.899984246
4XNV	27923	29.00013369
4XNV	31864	10.99993199
4XNV	31865	30.99987909
4XNV	32637	17.00004222
4XNV	32647	17.00004222
4XNV	34566	11.99996557
4XNV	34653	32.0000016
4XNV	34695	23.99993138
4XNV	34737	2.19998642
4XNV	40361	10.99993199
4XNV	42400	160.0000064
4XNV	42416	10.99993199
4ZNX	21301	81.99927263
4ZNX	31864	53.00050406
4ZNX	34695	32.99970063
4ZZH	20243	14.99995651
4ZZH	20375	35.00015761
4ZZH	20794	17.00004222
4ZZH	21150	7.100026996
4ZZH	23877	54.9996594
4ZZH	23892	72.99951925
4ZZH	24209	21.0000341
4ZZH	24289	58.99972671
4ZZH	25599	14.99995651
4ZZH	27403	7.000031591
4ZZH	28038	14.99995651
4ZZH	32578	10.99993199
4ZZH	32647	14.00006332
4ZZH	34566	77.99917335
4ZZH	34695	2.999991333
4ZZH	47306	49.9999995
5A86	20122	12.99989965
5A86	20243	2.699976598
5A86	20347	4.799986324
5A86	20407	53.00050406
5A86	20420	17.00004222
5A86	20653	4.99999995
5A86	20790	29.99991333
5A86	20791	21.9998642
5A86	20819	1.899984246
5A86	21150	7.599937137
5A86	21332	1.899984246
5A86	21385	8.199927263
5A86	21389	4.300015292
5A86	21395	17.00004222
5A86	22018	53.00050406
5A86	22253	4.300015292
5A86	22265	10.99993199
5A86	22292	17.00004222
5A86	22325	17.00004222
5A86	22361	8.00000024
5A86	22927	17.00004222
5A86	22959	1.600000064
5A86	23826	34.00008478
5A86	23892	14.00006332
5A86	23897	17.00004222
5A86	23936	44.99973953
5A86	23990	62.99992029
5A86	23998	32.0000016
5A86	24086	21.9998642
5A86	24101	5.600025441
5A86	24154	44.99973953
5A86	24174	35.9997927
5A86	24238	1.899984246
5A86	24239	4.200006862
5A86	24245	10.99993199
5A86	24259	8.799945855
5A86	24266	5.600025441
5A86	24272	1.899984246
5A86	24276	17.00004222
5A86	24304	80.99906394
5A86	24316	40.9996359
5A86	24337	17.00004222
5A86	24338	50.99997932
5A86	24344	17.00004222
5A86	24489	36.99985312
5A86	25599	4.499973953
5A86	25680	49.9999995
5A86	26193	17.00004222
5A86	26223	21.9998642
5A86	27932	34.00008478
5A86	28038	10
5A86	29874	49.00044228
5A86	31860	24.9999995
5A86	31864	32.99970063
5A86	32354	4.200006862
5A86	32376	30.99987909
5A86	32386	6.499949762
5A86	32390	17.00004222
5A86	32464	21.9998642
5A86	32493	36.99985312
5A86	32497	14.99995651
5A86	32498	14.00006332
5A86	32500	17.00004222
5A86	32502	32.99970063
5A86	32520	1.899984246
5A86	32549	1.799989617
5A86	32553	1.199996557
5A86	32554	1.400006332
5A86	32562	17.00004222
5A86	32572	23.99993138
5A86	32600	11.99996557
5A86	32611	43.00015292
5A86	32628	7.699987143
5A86	32645	17.00004222
5A86	32647	1.299989965
5A86	32649	10.99993199
5A86	32690	5.600025441
5A86	34364	5.600025441
5A86	34365	2.19998642
5A86	34401	6.699925908
5A86	34402	1.600000064
5A86	34465	14.99995651
5A86	34503	49.9999995
5A86	34566	7.399970697
5A86	34586	11.99996557
5A86	34588	16.00000064
5A86	34590	64.00000383
5A86	34612	17.00004222
5A86	34625	14.99995651
5A86	34653	1.899984246
5A86	34673	21.9998642
5A86	34695	1.499995651
5A86	34737	1.499995651
5A86	34742	4.700023182
5A86	34930	46.00022967
5A86	34956	17.00004222
5A86	38666	11.99996557
5A86	39336	109.9993199
5A86	40002	17.99989617
5A86	40363	17.00004222
5A86	42416	3.400008478
5A86	47251	76.99987143
5A86	47288	24.9999995
5A86	47367	17.00004222
5A86	47371	40.9996359
5A8X	20068	35.00015761
5A8X	20189	129.9989965
5A8X	20453	32.99970063
5A8X	20485	32.99970063
5A8X	20510	14.00006332
5A8X	21642	20.0000002
5A8X	22253	40.9996359
5A8X	22959	94.00046457
5A8X	23556	43.99972884
5A8X	23645	30.99987909
5A8X	24538	17.99989617
5A8X	25219	40.0000008
5A8X	26156	7.000031591
5A8X	26252	73.99970697
5A8X	26915	64.99949762
5A8X	27923	17.00004222
5A8X	27932	40.9996359
5A8X	32464	32.99970063
5A8X	34695	8.799945855
5A8X	34742	21.0000341
5A8X	38298	21.0000341
5A8X	38666	14.99995651
5A8X	40713	43.00015292
5A8X	42400	14.99995651
5A8X	42416	21.0000341
5A8X	47249	85.00021026
5A8X	47304	56.00025441
5A8X	47307	94.99921136
5A8X	47308	25.99979957
5A8X	47310	16.00000064
5A8X	47311	11.99996557
5A8X	47315	3.500015761
5A8X	47325	80.99906394
5A8X	47337	6.699925908
5A8X	47353	49.9999995
5A8X	47369	10
5A8X	47375	109.9993199
5A8X	47387	119.9996557
5A8X	47533	43.00015292
5A8X	47540	21.9998642
5A8X	47553	14.99995651
5BWN	20243	47.00023182
5BWN	21301	94.99921136
5BWN	22325	34.00008478
5BWN	23892	14.00006332
5BWN	29874	109.9993199
5BWN	32372	119.9996557
5BWN	34566	7.100026996
5BWN	34653	129.9989965
5BWN	34695	58.99972671
5BWN	34742	17.00004222
5BWN	34928	35.9997927
5BWN	34956	71.99958613
5BWN	47342	100
5BWN	47359	149.9995651
5BWN	47367	59.99982725
5C1M	20122	89.99947996
5C1M	20154	26.99976598
5C1M	20182	32.0000016
5C1M	20243	10.99993199
5C1M	20283	28.00012692
5C1M	20465	58.99972671
5C1M	20653	2.49999995
5C1M	20716	26.99976598
5C1M	20770	1.899984246
5C1M	20794	7.399970697
5C1M	20822	80.99906394
5C1M	21125	6.699925908
5C1M	21135	23.99993138
5C1M	21237	32.0000016
5C1M	21301	6.199975881
5C1M	21332	8.899999864
5C1M	21385	8.600030669
5C1M	22253	9.800088554
5C1M	22325	7.799917335
5C1M	22360	109.9993199
5C1M	22442	21.0000341
5C1M	22536	68.00017024
5C1M	22588	6.900014446
5C1M	22959	16.00000064
5C1M	23796	14.00006332
5C1M	23892	16.00000064
5C1M	24151	23.0001146
5C1M	24209	71.99958613
5C1M	24211	62.99992029
5C1M	24235	38.99958629
5C1M	24259	29.00013369
5C1M	24270	32.99970063
5C1M	24280	26.99976598
5C1M	24827	16.00000064
5C1M	25219	14.99995651
5C1M	25805	20.0000002
5C1M	26031	43.99972884
5C1M	27923	8.00000024
5C1M	27932	20.0000002
5C1M	28038	24.9999995
5C1M	29055	44.99973953
5C1M	31860	46.00022967
5C1M	32498	32.99970063
5C1M	32500	21.9998642
5C1M	32537	4.499973953
5C1M	34150	23.0001146
5C1M	34566	14.00006332
5C1M	34634	29.00013369
5C1M	34653	99.00109543
5C1M	34695	28.00012692
5C1M	34737	29.00013369
5C1M	34742	10.99993199
5C1M	34956	84.00013809
5C1M	37185	14.99995651
5C1M	40713	21.9998642
5C1M	42400	23.0001146
5C1M	42416	8.199927263
5C1M	47251	42.00006862
5C1M	47252	74.99978182
5C1M	47257	7.199958613
5C1M	47283	9.599972744
5C1M	47288	1.499995651
5C1M	47290	28.00012692
5C1M	47311	47.99986324
5C1M	47315	5.800026796
5C1M	47327	64.00000383
5C1M	47337	34.00008478
5C1M	47339	37.9996853
5C1M	47341	140.0006332
5C1M	47342	23.0001146
5C1M	47347	16.00000064
5C1M	47348	80.0000024
5C1M	47349	56.99936271
5C1M	47351	53.00050406
5C1M	47353	1.499995651
5C1M	47360	17.00004222
5C1M	47362	14.99995651
5C1M	47363	34.00008478
5C1M	47364	14.00006332
5C1M	47367	17.99989617
5C1M	47371	2.30001146
5C1M	47377	3.899958629
5C1M	47379	2.999991333
5C1M	47381	4.900044228
5C1M	47387	21.0000341
5C1M	47553	23.99993138
5C1M	47598	12.99989965
5CFB	20501	56.99936271
5CFB	23892	1.199996557
5CFB	34742	3.099987909
5CFB	47351	17.00004222
5CGC	27403	35.9997927
5CGC	35204	47.99986324
5CXV	20501	23.99993138
5CXV	20537	1.099993199
5CXV	20653	1.899984246
5CXV	20811	1.199996557
5CXV	21150	1.799989617
5CXV	21237	42.00006862
5CXV	21301	17.00004222
5CXV	21409	18.99984246
5CXV	22959	23.0001146
5CXV	23796	17.00004222
5CXV	24048	14.99995651
5CXV	24151	6.400000383
5CXV	25178	49.00044228
5CXV	25219	18.99984246
5CXV	26900	4.900044228
5CXV	27403	1.899984246
5CXV	27923	16.00000064
5CXV	32359	24.9999995
5CXV	32392	71.00026996
5CXV	32537	6.199975881
5CXV	32572	80.0000024
5CXV	34150	43.00015292
5CXV	34212	69.00014446
5CXV	34566	14.00006332
5CXV	34612	71.99958613
5CXV	34742	17.99989617
5CXV	35204	1.899984246
5CXV	37185	14.00006332
5CXV	42416	17.99989617
5CXV	44337	37.9996853
5CXV	47259	14.00006332
5CXV	47272	47.99986324
5CXV	47283	1.499995651
5CXV	47341	200.000002
5CXV	47342	6.900014446
5CXV	47347	4.700023182
5CXV	47351	3.400008478
5CXV	47353	14.00006332
5CXV	47359	32.99970063
5CXV	47360	8.199927263
5CXV	47362	7.199958613
5CXV	47367	11.99996557
5CXV	47368	200.000002
5CXV	47371	1.600000064
5CXV	47381	10.99993199
5CXV	47389	20.0000002
5D6L	20465	46.00022967
5D6L	20653	17.00004222
5D6L	20811	1.199996557
5D6L	21150	1
5D6L	21237	83.00036458
5D6L	22959	17.00004222
5D6L	23796	49.00044228
5D6L	24827	32.0000016
5D6L	25219	29.99991333
5D6L	27403	5.399953251
5D6L	27923	20.0000002
5D6L	32537	17.00004222
5D6L	34150	34.00008478
5D6L	34566	24.9999995
5D6L	35204	4.700023182
5D6L	37185	61.99975881
5D6L	42416	21.0000341
5D6L	47257	16.00000064
5D6L	47320	29.00013369
5D6L	47342	44.99973953
5D6L	47347	40.0000008
5D6L	47353	30.99987909
5D6L	47357	49.00044228
5D6L	47362	25.99979957
5D6L	47367	18.99984246
5D6L	47371	16.00000064
5D6L	47377	14.00006332
5D6L	47381	10
5DDN	20182	51.99959965
5DDN	20501	23.99993138
5DDN	20794	58.00026796
5DDN	22442	34.00008478
5DDN	22959	44.99973953
5DDN	23796	46.00022967
5DDN	24151	119.9996557
5DDN	24827	46.00022967
5DDN	24827	54.9996594
5DDN	25219	50.99997932
5DDN	27923	53.99953251
5DDN	34566	79.00052911
5DDN	34695	160.0000064
5DDN	34695	70.00031591
5DDN	34737	40.0000008
5DDN	34742	53.00050406
5DDN	34742	58.00026796
5DDN	47288	56.00025441
5DDN	47320	61.00002317
5DDN	47353	50.99997932
5DHH	20154	51.99959965
5DHH	20242	17.00004222
5DHH	20243	10.99993199
5DHH	20247	25.99979957
5DHH	20465	24.9999995
5DHH	20653	23.99993138
5DHH	20794	10
5DHH	21301	25.99979957
5DHH	21322	20.0000002
5DHH	21385	2.399993138
5DHH	21409	1.899984246
5DHH	22959	14.99995651
5DHH	23796	47.99986324
5DHH	24209	64.00000383
5DHH	24261	49.9999995
5DHH	24652	40.0000008
5DHH	25599	42.00006862
5DHH	25805	14.99995651
5DHH	27050	47.99986324
5DHH	27403	1.199996557
5DHH	28038	42.00006862
5DHH	31864	62.99992029
5DHH	32352	56.00025441
5DHH	32361	49.00044228
5DHH	32514	23.99993138
5DHH	32523	2.800012692
5DHH	32537	7.799917335
5DHH	32578	4.09996359
5DHH	34566	40.0000008
5DHH	34695	9.29993686
5DHH	34737	65.99940192
5DHH	34742	49.00044228
5DHH	35204	1.400006332
5DHH	40361	23.99993138
5DHH	42390	6.299992029
5DHH	42416	14.99995651
5DHH	47353	10.99993199
5DHH	47364	1.799989617
5DHH	47377	4.900044228
5DHH	47381	30.99987909
5DSG	20501	21.0000341
5DSG	20537	1.199996557
5DSG	20811	7.399970697
5DSG	20855	75.99937137
5DSG	21100	53.99953251
5DSG	21185	58.00026796
5DSG	21301	9.800088554
5DSG	22959	30.99987909
5DSG	23796	2.599979957
5DSG	23826	2.900013369
5DSG	24048	9.800088554
5DSG	24151	7.900052911
5DSG	24235	44.99973953
5DSG	24315	71.00026996
5DSG	25178	24.9999995
5DSG	25219	26.99976598
5DSG	25895	49.00044228
5DSG	26900	2.999991333
5DSG	27403	20.0000002
5DSG	27923	17.00004222
5DSG	32359	17.00004222
5DSG	32537	3.400008478
5DSG	34150	119.9996557
5DSG	34212	26.99976598
5DSG	34566	26.99976598
5DSG	34742	18.99984246
5DSG	34877	90.99970826
5DSG	35204	18.99984246
5DSG	37185	25.99979957
5DSG	40713	70.00031591
5DSG	42416	25.99979957
5DSG	47259	8.099906394
5DSG	47280	53.99953251
5DSG	47283	1.700004222
5DSG	47303	74.99978182
5DSG	47313	58.00026796
5DSG	47315	71.00026996
5DSG	47320	2.19998642
5DSG	47325	1.299989965
5DSG	47335	44.99973953
5DSG	47337	70.00031591
5DSG	47339	42.00006862
5DSG	47341	189.9984246
5DSG	47342	1.899984246
5DSG	47347	8.400013809
5DSG	47349	65.99940192
5DSG	47351	2.699976598
5DSG	47353	7.599937137
5DSG	47357	18.99984246
5DSG	47359	71.99958613
5DSG	47360	2.900013369
5DSG	47362	11.99996557
5DSG	47363	98.00088554
5DSG	47367	40.9996359
5DSG	47368	109.9993199
5DSG	47377	2.599979957
5DSG	47381	12.99989965
5DSG	47387	42.00006862
5DSG	47389	12.99989965
5E1S	21464	119.9996557
5E1S	31864	25.99979957
5E1S	34695	3.79996853
5E1S	34737	2.30001146
5EEF	20243	59.99982725
5EEF	21150	2.599979957
5EEF	21409	10.99993199
5EEF	24538	5.600025441
5EEF	25599	4.300015292
5EEF	27932	61.99975881
5EEF	28038	64.99949762
5EEF	32647	51.99959965
5EEF	34695	2.00000002
5FMV	20207	59.99982725
5FMV	20243	14.00006332
5FMV	20283	23.0001146
5FMV	20402	25.99979957
5FMV	20582	10
5FMV	20710	40.9996359
5FMV	20794	1.499995651
5FMV	20916	5.300050406
5FMV	20921	23.0001146
5FMV	20944	56.99936271
5FMV	21097	11.99996557
5FMV	21237	34.00008478
5FMV	22519	16.00000064
5FMV	22588	14.99995651
5FMV	22817	89.99947996
5FMV	22959	59.99982725
5FMV	23412	1.499995651
5FMV	23645	12.99989965
5FMV	23877	75.99937137
5FMV	23950	85.00021026
5FMV	25219	21.0000341
5FMV	25881	7.299951925
5FMV	25895	20.0000002
5FMV	27050	23.99993138
5FMV	27236	129.9989965
5FMV	27494	17.99989617
5FMV	27923	11.99996557
5FMV	27932	80.0000024
5FMV	31860	16.00000064
5FMV	31864	66.99925908
5FMV	32514	29.99991333
5FMV	34695	1.700004222
5FMV	34737	1.299989965
5FMV	37706	18.99984246
5FMV	40361	5.600025441
5FMV	42400	29.00013369
5FMV	42416	21.9998642
5FMV	44337	12.99989965
5FMV	47338	76.99987143
5FMV	47369	11.99996557
5FMV	47553	8.700014972
5G4C	20154	3.699985312
5G4C	20243	50.99997932
5G4C	20794	25.99979957
5G4C	21150	2.30001146
5G4C	22325	29.99991333
5G4C	24151	30.99987909
5G4C	24270	87.99945855
5G4C	25219	25.99979957
5G4C	26031	49.00044228
5G4C	26156	71.99958613
5G4C	29879	7.199958613
5G4C	32550	20.0000002
5G4C	32613	80.99906394
5G4C	34566	29.99991333
5G4C	34653	56.99936271
5G4C	34695	4.499973953
5G4C	34737	9.099970826
5G4C	34742	16.00000064
5G4C	34928	29.00013369
5G4C	34956	64.99949762
5G4C	37709	84.00013809
5G4C	47310	37.9996853
5G4C	47328	47.99986324
5G4C	47342	53.99953251
5GLH	20653	8.999947996
5GLH	20811	4.900044228
5GLH	20811	89.99947996
5GLH	27403	14.99995651
5GLH	32514	32.99970063
5GLH	32537	10
5GLH	32537	17.00004222
5GLH	34742	100
5GLH	35204	12.99989965
5GLH	47346	8.400013809
5GLH	47377	32.0000016
5GLJ	20426	87.00014972
5GLJ	21150	70.00031591
5GLJ	21301	54.9996594
5GLJ	23412	2.30001146
5GLJ	25219	18.99984246
5GLJ	26031	56.99936271
5GLJ	27932	21.0000341
5GLJ	31864	25.99979957
5GLJ	32600	3.400008478
5GLJ	34566	35.9997927
5GLJ	34695	3.099987909
5GLJ	34737	29.00013369
5GLJ	40362	73.99970697
5GLJ	40371	62.99992029
5GLJ	47369	2.19998642
5GLJ	47391	61.99975881
5HDE	21150	85.00021026
5HDE	23412	21.0000341
5HDE	24827	32.99970063
5HDE	25219	11.99996557
5HDE	27932	20.0000002
5HDE	31864	23.99993138
5HDE	32600	73.99970697
5HDE	34695	1.400006332
5HDE	34737	79.00052911
5HDE	38298	1.799989617
5HF5	20449	50.99997932
5HF5	20485	92.9993686
5HF5	20653	8.500021026
5HF5	20811	32.99970063
5HF5	21086	23.99993138
5HF5	21150	54.9996594
5HF5	21301	70.00031591
5HF5	21414	46.00022967
5HF5	21948	26.99976598
5HF5	22267	29.00013369
5HF5	23796	58.00026796
5HF5	23950	1.299989965
5HF5	24209	8.00000024
5HF5	24538	5.600025441
5HF5	24652	53.00050406
5HF5	24902	76.99987143
5HF5	26076	290.0013369
5HF5	26156	25.99979957
5HF5	27923	17.00004222
5HF5	27924	56.00025441
5HF5	32327	5.600025441
5HF5	32344	47.00023182
5HF5	32537	14.99995651
5HF5	32552	100
5HF5	32578	53.99953251
5HF5	32683	6.800017024
5HF5	34818	14.00006332
5HF5	34961	109.9993199
5HF5	38298	69.00014446
5HF5	39223	73.99970697
5HF5	40361	53.99953251
5HF5	42400	140.0006332
5HF5	47259	1.199996557
5HF5	47270	4.09996359
5HF5	47283	77.99917335
5HF5	47313	20.0000002
5HF5	47320	5.399953251
5HF5	47342	43.99972884
5HF5	47347	50.99997932
5HF5	47353	6.699925908
5HF5	47362	49.9999995
5HF5	47368	160.0000064
5HF5	47371	66.99925908
5HF5	47377	66.99925908
5HF5	47389	81.99927263
5HLN	20319	56.00025441
5HLN	22519	53.99953251
5HLN	23645	66.99925908
5HLN	25219	14.00006332
5HLN	25881	29.00013369
5HLN	26031	42.00006862
5HLN	27494	88.99999864
5HLN	27932	30.99987909
5HLN	31864	50.99997932
5HLN	34492	109.9993199
5HLN	34737	14.99995651
5HLN	47268	2.10000341
5HTI	20794	29.00013369
5HTI	25219	24.9999995
5HTI	25881	87.00014972
5HTI	26031	58.99972671
5HTI	27932	38.99958629
5HTI	31864	30.99987909
5HTI	34465	76.99987143
5HTI	34695	32.99970063
5HTI	42416	18.99984246
5HVU	31864	46.00022967
5HVU	47268	14.00006332
5I0B	20794	7.000031591
5I0B	25219	56.99936271
5I0B	34695	2.19998642
5I0B	34737	17.00004222
5I1B	20068	92.00046025
5I1B	22519	98.00088554
5I1B	23412	20.0000002
5I1B	23877	129.9989965
5I1B	24085	37.9996853
5I1B	24174	89.99947996
5I1B	26262	149.9995651
5I1B	27932	53.99953251
5I1B	31864	21.9998642
5I1B	32600	29.00013369
5I1B	47369	49.00044228
5I1B	47377	109.9993199
5I6X	20247	58.00026796
5I6X	20319	72.99951925
5I6X	20426	49.9999995
5I6X	20537	14.00006332
5I6X	20537	36.99985312
5I6X	20576	2.900013369
5I6X	20811	21.0000341
5I6X	20855	56.00025441
5I6X	20855	64.99949762
5I6X	20959	71.00026996
5I6X	21100	40.9996359
5I6X	21100	71.00026996
5I6X	21217	35.9997927
5I6X	21393	53.00050406
5I6X	23796	8.400013809
5I6X	24051	7.399970697
5I6X	24151	2.699976598
5I6X	24270	2.49999995
5I6X	24270	4.700023182
5I6X	24827	2.699976598
5I6X	26214	54.9996594
5I6X	26900	32.99970063
5I6X	27403	10.99993199
5I6X	27403	5.600025441
5I6X	32537	17.00004222
5I6X	32537	25.99979957
5I6X	32552	24.9999995
5I6X	32552	49.00044228
5I6X	32613	5.800026796
5I6X	32613	8.999947996
5I6X	34150	16.00000064
5I6X	34150	5.999982725
5I6X	34456	7.100026996
5I6X	34456	9.900109543
5I6X	34742	21.0000341
5I6X	35204	5.800026796
5I6X	35204	8.300036458
5I6X	36299	64.99949762
5I6X	47251	23.99993138
5I6X	47251	24.9999995
5I6X	47252	129.9989965
5I6X	47252	24.9999995
5I6X	47257	11.99996557
5I6X	47276	35.9997927
5I6X	47284	37.9996853
5I6X	47288	18.99984246
5I6X	47288	38.99958629
5I6X	47303	109.9993199
5I6X	47311	10.99993199
5I6X	47320	8.099906394
5I6X	47325	1
5I6X	47334	9.699961265
5I6X	47337	17.00004222
5I6X	47337	36.99985312
5I6X	47342	43.00015292
5I6X	47348	32.99970063
5I6X	47348	7.599937137
5I6X	47349	3.500015761
5I6X	47349	5.399953251
5I6X	47353	53.00050406
5I6X	47359	4.200006862
5I6X	47360	5.199959965
5I6X	47362	1.099993199
5I6X	47362	1.899984246
5I6X	47363	32.99970063
5I6X	47363	9.200046025
5I6X	47371	30.99987909
5I6X	47381	71.00026996
5I6X	47385	61.00002317
5I6X	47389	1.700004222
5I6X	47389	32.0000016
5IZF	20794	49.00044228
5IZF	26031	61.99975881
5IZF	27932	56.00025441
5IZF	31864	36.99985312
5IZF	34695	89.99947996
5IZF	34737	28.00012692
5IZF	38298	21.0000341
5IZF	47268	75.99937137
5IZF	47304	30.99987909
5JFS	20089	87.00014972
5JFS	20182	80.0000024
5JFS	21337	47.99986324
5JFS	22325	24.9999995
5JFS	23412	34.00008478
5JFS	24315	59.99982725
5JFS	26031	35.00015761
5JFS	27932	53.00050406
5JFS	31864	28.00012692
5JFS	32600	32.99970063
5JFS	34653	109.9993199
5JFS	34737	18.99984246
5K9I	20576	47.99986324
5K9I	34566	100
5K9I	34737	10
5KIR	20152	38.99958629
5KIR	20220	7.000031591
5KIR	20392	64.99949762
5KIR	20431	89.99947996
5KIR	20617	79.00052911
5KIR	20654	11.99996557
5KIR	20699	12.99989965
5KIR	20863	6.100002317
5KIR	20894	17.99989617
5KIR	20921	8.099906394
5KIR	21201	32.99970063
5KIR	21244	30.99987909
5KIR	23556	58.00026796
5KIR	23645	18.99984246
5KIR	23796	17.99989617
5KIR	24538	5.600025441
5KIR	24869	5.49996594
5KIR	24999	119.9996557
5KIR	25523	84.00013809
5KIR	25881	14.99995651
5KIR	26076	26.99976598
5KIR	26728	3.79996853
5KIR	30698	200.000002
5KIR	34695	109.9993199
5KIR	47312	17.99989617
5KIR	47319	98.00088554
5KIR	47333	49.9999995
5KIR	47337	64.99949762
5KIR	47341	170.0004222
5KIR	47374	79.00052911
5KIR	47389	14.99995651
5L1B	21150	85.00021026
5L1B	22588	49.9999995
5L1B	27403	140.0006332
5L1B	32514	51.99959965
5L1B	34695	259.9979957
5L1B	35204	94.99921136
5L1B	47287	7.799917335
5L7E	20573	74.99978182
5L7E	20576	7.399970697
5L7E	24431	10.99993199
5L7E	38732	49.00044228
5LYQ	20319	42.00006862
5LYQ	20794	21.0000341
5LYQ	20916	32.0000016
5LYQ	21239	40.0000008
5LYQ	21301	71.99958613
5LYQ	22519	50.99997932
5LYQ	23412	43.99972884
5LYQ	23892	42.00006862
5LYQ	25219	17.99989617
5LYQ	27932	28.00012692
5LYQ	31863	76.99987143
5LYQ	31864	37.9996853
5LYQ	34566	17.00004222
5LYQ	34566	29.99991333
5LYQ	34695	58.00026796
5LYQ	47337	85.00021026
5M57	20794	4.300015292
5M57	23412	20.0000002
5M57	27932	14.00006332
5M57	31863	50.99997932
5M57	32600	2.19998642
5MFQ	34303	69.00014446
5NGU	20794	7.799917335
5NGU	23412	29.00013369
5NGU	24729	53.99953251
5NGU	26031	54.9996594
5NGU	31864	35.9997927
5NGU	34695	1.700004222
5NGU	34737	23.0001146
5SW8	20105	17.99989617
5SW8	20319	66.99925908
5SW8	21301	23.0001146
5SW8	22325	32.0000016
5SW8	23412	8.00000024
5SW8	23892	6.400000383
5SW8	26031	29.00013369
5SW8	27932	10.99993199
5SW8	31864	4.900044228
5SW8	31865	61.99975881
5SW8	34566	7.599937137
5SW8	34695	23.99993138
5SW8	34737	32.0000016
5SW8	34742	10.99993199
5SW8	42400	74.99978182
5SW8	47308	64.99949762
5T04	22000	58.00026796
5T04	24436	49.9999995
5T04	24827	34.00008478
5T04	25145	100
5T04	26900	16.00000064
5T04	27522	74.99978182
5T04	32537	4.600022967
5T04	36299	109.9993199
5T04	37185	21.0000341
5T04	42059	129.9989965
5T04	47303	95.99972744
5T19	21150	68.00017024
5T19	21301	6.100002317
5T19	23412	23.99993138
5T19	25219	17.99989617
5T19	26031	46.00022967
5T19	27932	32.0000016
5T19	31864	24.9999995
5T19	32600	17.00004222
5T19	34695	2.00000002
5T19	34737	29.99991333
5T90	21645	49.00044228
5T90	24170	34.00008478
5T90	24436	17.00004222
5T90	26132	61.00002317
5T90	26900	12.99989965
5T90	32442	8.600030669
5T90	34300	4.700023182
5T90	34465	18.99984246
5T90	34492	20.0000002
5T90	34961	5.099997932
5T90	47251	40.0000008
5T90	47259	5.399953251
5T90	47262	14.99995651
5T90	47270	2.399993138
5T90	47303	56.99936271
5T90	47342	40.0000008
5T90	47359	10.99993199
5TE8	20392	23.0001146
5TE8	20576	29.00013369
5TE8	20653	7.900052911
5TE8	20755	8.199927263
5TE8	20791	4.399972884
5TE8	20811	1.099993199
5TE8	20916	36.99985312
5TE8	21094	43.00015292
5TE8	21150	1.799989617
5TE8	21238	7.499978182
5TE8	22174	34.00008478
5TE8	22325	10.99993199
5TE8	23581	14.99995651
5TE8	23897	23.0001146
5TE8	24242	4.499973953
5TE8	24261	12.99989965
5TE8	24460	17.00004222
5TE8	24913	17.00004222
5TE8	25895	29.00013369
5TE8	26261	14.00006332
5TE8	27923	14.99995651
5TE8	32113	10
5TE8	32390	14.99995651
5TE8	32493	23.99993138
5TE8	32537	11.99996557
5TE8	32548	3.699985312
5TE8	32562	3.099987909
5TE8	32601	4.799986324
5TE8	34286	21.0000341
5TE8	34303	23.99993138
5TE8	34402	29.00013369
5TE8	34742	9.499921136
5TE8	34956	10.99993199
5TE8	38298	10.99993199
5TE8	40363	1.499995651
5TE8	40713	23.0001146
5TE8	46970	23.0001146
5TE8	47249	36.99985312
5TE8	47257	2.30001146
5TE8	47303	7.000031591
5TE8	47311	24.9999995
5TE8	47339	35.9997927
5TE8	47341	149.9995651
5TE8	47358	5.099997932
5TE8	47362	10.99993199
5TE8	47367	5.399953251
5TE8	47368	100
5TE8	47371	20.0000002
5TE8	47377	14.00006332
5TE8	47379	5.300050406
5TE8	47381	25.99979957
5TE8	47387	38.99958629
5TE8	47592	9.400046457
5TE8	47598	4.799986324
5TFT	20122	9.900109543
5TFT	20154	43.99972884
5TFT	20209	32.99970063
5TFT	20220	10.99993199
5TFT	20347	14.00006332
5TFT	20501	4.499973953
5TFT	20537	4.799986324
5TFT	20582	10.99993199
5TFT	20653	3.20000016
5TFT	20699	21.0000341
5TFT	20791	14.00006332
5TFT	20807	34.00008478
5TFT	20811	2.699976598
5TFT	20819	4.600022967
5TFT	20855	14.99995651
5TFT	20916	4.00000008
5TFT	20972	6.900014446
5TFT	21150	4.499973953
5TFT	21166	4.499973953
5TFT	23998	14.00006332
5TFT	24048	5.399953251
5TFT	24151	6.800017024
5TFT	24259	44.99973953
5TFT	24261	14.00006332
5TFT	24270	2.30001146
5TFT	24280	35.00015761
5TFT	24489	3.899958629
5TFT	25805	25.99979957
5TFT	25895	20.0000002
5TFT	26900	23.0001146
5TFT	29871	12.99989965
5TFT	32329	7.000031591
5TFT	32379	43.00015292
5TFT	32470	17.99989617
5TFT	32519	20.0000002
5TFT	32537	1.400006332
5TFT	32611	9.900109543
5TFT	32613	10
5TFT	32647	5.399953251
5TFT	34150	23.0001146
5TFT	40713	16.00000064
5TFT	41248	1.400006332
5TFT	44337	10.99993199
5TFT	47257	1.600000064
5TFT	47259	43.00015292
5TFT	47263	23.0001146
5TFT	47270	2.599979957
5TFT	47284	25.99979957
5TFT	47290	36.99985312
5TFT	47303	1.099993199
5TFT	47348	1
5TFT	47353	7.000031591
5TFT	47360	3.299970063
5TFT	47362	1.299989965
5TFT	47363	10
5TFT	47364	1.499995651
5TFT	47371	30.99987909
5TFT	47387	10
5TH6	20485	42.00006862
5TH6	20653	43.99972884
5TH6	20822	1.899984246
5TH6	21209	83.00036458
5TH6	21256	53.99953251
5TH6	22817	9.200046025
5TH6	23652	68.00017024
5TH6	23892	5.999982725
5TH6	23998	20.0000002
5TH6	24151	28.00012692
5TH6	27625	99.00109543
5TH6	27923	10.99993199
5TH6	31131	20.0000002
5TH6	31864	75.99937137
5TH6	32500	84.00013809
5TH6	34742	18.99984246
5TH6	35180	46.00022967
5TH6	40713	2.00000002
5TH6	47305	14.00006332
5TH6	47310	11.99996557
5TH6	47311	8.199927263
5TH6	47315	5.999982725
5TH6	47320	10.99993199
5TH6	47371	76.99987143
5TH6	47377	44.99973953
5TH6	47379	46.00022967
5TH6	47389	66.99925908
5TQW	25219	34.00008478
5TQW	27932	56.00025441
5TQW	31864	28.00012692
5TQW	34695	49.9999995
5TQW	34737	44.99973953
5TTO	20022	83.00036458
5TTO	20154	65.99940192
5TTO	20807	81.99927263
5TTO	20895	32.99970063
5TTO	21105	62.99992029
5TTO	21218	58.99972671
5TTO	22253	32.0000016
5TTO	22265	43.00015292
5TTO	23412	17.00004222
5TTO	24081	32.99970063
5TTO	24280	119.9996557
5TTO	25486	8.600030669
5TTO	25680	18.99984246
5TTO	26031	3.099987909
5TTO	27494	51.99959965
5TTO	31864	12.99989965
5TTO	32500	21.9998642
5TTO	32600	12.99989965
5TTO	32613	75.99937137
5TTO	35957	84.00013809
5TTO	37712	7.100026996
5TTO	40713	32.0000016
5TTO	47248	29.00013369
5TTO	47268	29.99991333
5TTO	47315	1.199996557
5TTO	47331	40.0000008
5TTO	47338	20.0000002
5TTO	47389	43.99972884
5U2D	20209	17.00004222
5U2D	21125	1.899984246
5U2D	21209	14.99995651
5U2D	21642	36.99985312
5U2D	22360	7.199958613
5U2D	22828	47.00023182
5U2D	24891	119.9996557
5U2D	29055	20.0000002
5U2D	30698	1.499995651
5U2D	40002	37.9996853
5U2D	40713	90.99970826
5U2D	46970	1.499995651
5U2D	47288	49.00044228
5U8L	20189	47.00023182
5U8L	21150	11.99996557
5U8L	23412	10.99993199
5U8L	25219	12.99989965
5U8L	26031	35.00015761
5U8L	27932	26.99976598
5U8L	31864	16.00000064
5U8L	34695	30.99987909
5U8L	34737	72.99951925
5UEN	20068	14.99995651
5UEN	20122	26.99976598
5UEN	20154	50.99997932
5UEN	20209	72.99951925
5UEN	20232	62.99992029
5UEN	20465	5.699936271
5UEN	20653	29.00013369
5UEN	20791	12.99989965
5UEN	21150	24.9999995
5UEN	21201	30.99987909
5UEN	21336	10.99993199
5UEN	22020	71.00026996
5UEN	22442	29.99991333
5UEN	22527	40.9996359
5UEN	22536	49.00044228
5UEN	22731	56.99936271
5UEN	22828	38.99958629
5UEN	22959	43.00015292
5UEN	23869	50.99997932
5UEN	23990	20.0000002
5UEN	24261	74.99978182
5UEN	24272	38.99958629
5UEN	25219	87.99945855
5UEN	25895	83.00036458
5UEN	27403	23.99993138
5UEN	27494	64.00000383
5UEN	28038	29.00013369
5UEN	32359	65.99940192
5UEN	32502	68.00017024
5UEN	32520	7.699987143
5UEN	32638	26.99976598
5UEN	34545	29.99991333
5UEN	34676	70.00031591
5UEN	34742	43.00015292
5UEN	34872	66.99925908
5UEN	35204	28.00012692
5UEN	40713	42.00006862
5UEN	41097	23.0001146
5UEN	47252	43.99972884
5UEN	47257	53.00050406
5UEN	47283	56.99936271
5UEN	47287	38.99958629
5UEN	47288	23.0001146
5UEN	47289	21.0000341
5UEN	47304	12.99989965
5UEN	47310	47.00023182
5UEN	47337	49.9999995
5UEN	47347	2.699976598
5UEN	47367	10.99993199
5UEN	47371	49.00044228
5UEN	47377	40.9996359
5UEN	47381	64.00000383
5UEN	47389	90.99970826
5UEN	47598	3.59997927
5UFS	20154	12.99989965
5UFS	20182	10.99993199
5UFS	20189	35.9997927
5UFS	20247	53.99953251
5UFS	20299	44.99973953
5UFS	20465	17.00004222
5UFS	20576	1.899984246
5UFS	20582	44.99973953
5UFS	20607	94.99921136
5UFS	20653	2.00000002
5UFS	20699	35.00015761
5UFS	20811	8.00000024
5UFS	20916	21.0000341
5UFS	21125	24.9999995
5UFS	21135	21.9998642
5UFS	21185	7.399970697
5UFS	21464	4.99999995
5UFS	22325	1.199996557
5UFS	22360	26.99976598
5UFS	22442	6.599940192
5UFS	22536	20.0000002
5UFS	22959	5.399953251
5UFS	23581	25.99979957
5UFS	23645	18.99984246
5UFS	23892	16.00000064
5UFS	24151	75.99937137
5UFS	24235	12.99989965
5UFS	24238	3.500015761
5UFS	24276	42.00006862
5UFS	24280	29.00013369
5UFS	24436	37.9996853
5UFS	24523	38.99958629
5UFS	24913	89.99947996
5UFS	25219	2.19998642
5UFS	25805	9.29993686
5UFS	25895	14.00006332
5UFS	26031	14.00006332
5UFS	26076	5.699936271
5UFS	26081	21.9998642
5UFS	26261	61.00002317
5UFS	27923	1.600000064
5UFS	27932	5.199959965
5UFS	29055	42.00006862
5UFS	31860	26.99976598
5UFS	31864	2.900013369
5UFS	32390	20.0000002
5UFS	32464	98.00088554
5UFS	32500	38.99958629
5UFS	32514	8.899999864
5UFS	32537	5.899972671
5UFS	32562	37.9996853
5UFS	32601	54.9996594
5UFS	34187	30.99987909
5UFS	34545	35.00015761
5UFS	34566	20.0000002
5UFS	34653	2.49999995
5UFS	34695	8.600030669
5UFS	34737	7.900052911
5UFS	34742	25.99979957
5UFS	34956	58.00026796
5UFS	35957	56.00025441
5UFS	37185	6.800017024
5UFS	37208	38.99958629
5UFS	37706	21.9998642
5UFS	38298	6.599940192
5UFS	40713	1.099993199
5UFS	42400	17.00004222
5UFS	42416	1.700004222
5UFS	47248	24.9999995
5UFS	47288	17.00004222
5UFS	47304	10.99993199
5UFS	47315	2.999991333
5UFS	47320	21.0000341
5UFS	47331	53.00050406
5UFS	47337	23.99993138
5UFS	47351	21.0000341
5UFS	47357	70.00031591
5UFS	47358	61.00002317
5UFS	47362	26.99976598
5UFS	47367	24.9999995
5UFS	47371	14.00006332
5UFS	47375	28.00012692
5UFS	47377	3.500015761
5UFS	47379	5.999982725
5UFS	47381	23.0001146
5UFS	47389	28.00012692
5UFS	47525	61.00002317
5UFS	47553	43.99972884
5UFS	47592	1.700004222
5UFS	47598	6.499949762
5UQ0	20465	70.00031591
5UQ0	20794	23.99993138
5UQ0	21150	36.99985312
5UQ0	21301	47.00023182
5UQ0	22325	72.99951925
5UQ0	25219	8.00000024
5UQ0	26031	14.00006332
5UQ0	27932	14.00006332
5UQ0	31864	21.9998642
5UQ0	32600	23.0001146
5UQ0	34695	5.600025441
5UQ0	34737	17.00004222
5UQ0	38298	14.00006332
5UQ0	42209	81.99927263
5UQ0	42400	5.600025441
5UQ0	43709	89.99947996
5UQ0	47325	77.99917335
5UWF	20232	87.00014972
5UWF	21301	119.9996557
5UWF	26031	119.9996557
5UWF	32600	64.00000383
5UWF	34695	21.9998642
5UWF	42400	10.99993199
5UWF	47248	5.49996594
5UWF	47282	8.400013809
5UWF	47294	5.600025441
5UWF	47325	239.9993138
5UWF	47333	92.9993686
5UWF	47342	100
5UWF	47347	17.00004222
5UWF	47367	77.99917335
5V0N	20068	70.00031591
5V0N	20069	74.99978182
5V0N	20154	18.99984246
5V0N	20189	70.00031591
5V0N	20485	26.99976598
5V0N	20653	21.9998642
5V0N	20794	29.99991333
5V0N	20827	47.99986324
5V0N	21409	29.00013369
5V0N	22253	64.99949762
5V0N	22292	54.9996594
5V0N	22325	109.9993199
5V0N	22536	92.00046025
5V0N	22959	1.600000064
5V0N	23412	17.00004222
5V0N	24002	6.400000383
5V0N	24104	1.099993199
5V0N	24259	37.9996853
5V0N	24276	29.99991333
5V0N	24538	1.199996557
5V0N	25219	2.399993138
5V0N	26031	3.299970063
5V0N	26076	109.9993199
5V0N	26156	10
5V0N	26214	25.99979957
5V0N	27397	5.899972671
5V0N	27403	4.300015292
5V0N	27923	2.399993138
5V0N	31860	3.899958629
5V0N	31863	11.99996557
5V0N	31865	5.300050406
5V0N	32329	35.00015761
5V0N	32498	10
5V0N	32554	9.900109543
5V0N	32605	61.99975881
5V0N	32638	34.00008478
5V0N	32646	14.00006332
5V0N	32649	35.9997927
5V0N	32667	7.000031591
5V0N	34303	3.59997927
5V0N	34402	76.99987143
5V0N	34566	21.0000341
5V0N	34612	46.00022967
5V0N	34634	17.99989617
5V0N	34695	14.99995651
5V0N	34737	12.99989965
5V0N	35204	9.800088554
5V0N	35957	6.100002317
5V0N	37185	14.00006332
5V0N	37303	54.9996594
5V0N	37706	6.499949762
5V0N	37708	11.99996557
5V0N	37709	17.99989617
5V0N	38298	12.99989965
5V0N	41847	49.00044228
5V0N	42400	4.00000008
5V0N	42416	1.799989617
5V0N	47249	8.600030669
5V0N	47307	119.9996557
5V0N	47310	5.199959965
5V0N	47330	40.9996359
5V0N	47331	43.99972884
5V0N	47337	17.00004222
5V0N	47371	56.00025441
5V0N	47375	36.99985312
5V0N	47377	2.00000002
5V0N	47381	40.9996359
5V0N	47533	26.99976598
5V0N	47553	1.799989617
5V0N	47598	40.9996359
5VA1	20628	47.00023182
5VA1	20653	40.0000008
5VA1	20811	46.00022967
5VA1	21358	3.79996853
5VA1	23792	54.9996594
5VA1	28038	35.9997927
5VA1	40788	89.99947996
5VA1	47315	35.9997927
5VA1	47337	44.99973953
5VA1	47387	54.9996594
5VB8	20154	83.00036458
5VB8	20182	72.99951925
5VB8	20501	4.00000008
5VB8	20537	3.20000016
5VB8	20916	71.00026996
5VB8	21217	3.899958629
5VB8	21237	7.199958613
5VB8	21771	49.00044228
5VB8	21986	100
5VB8	22360	61.00002317
5VB8	22442	56.99936271
5VB8	22527	50.99997932
5VB8	22536	30.99987909
5VB8	23796	40.9996359
5VB8	24048	3.20000016
5VB8	24151	4.200006862
5VB8	24235	28.00012692
5VB8	24270	61.00002317
5VB8	24272	44.99973953
5VB8	24280	49.00044228
5VB8	24315	34.00008478
5VB8	24523	69.00014446
5VB8	24827	1.299989965
5VB8	25805	30.99987909
5VB8	25895	24.9999995
5VB8	26261	100
5VB8	26900	14.00006332
5VB8	27403	18.99984246
5VB8	32113	50.99997932
5VB8	32365	58.00026796
5VB8	32493	70.00031591
5VB8	34187	5.600025441
5VB8	34566	30.99987909
5VB8	34956	43.99972884
5VB8	35204	23.0001146
5VB8	37185	2.800012692
5VB8	40713	44.99973953
5VB8	40788	49.00044228
5VB8	42209	30.99987909
5VB8	47259	26.99976598
5VB8	47272	51.99959965
5VB8	47284	17.99989617
5VB8	47290	17.00004222
5VB8	47310	46.00022967
5VB8	47311	12.99989965
5VB8	47313	34.00008478
5VB8	47315	35.00015761
5VB8	47320	3.400008478
5VB8	47325	1.400006332
5VB8	47327	25.99979957
5VB8	47335	10
5VB8	47337	7.599937137
5VB8	47339	5.300050406
5VB8	47341	4.99999995
5VB8	47342	1.600000064
5VB8	47344	56.99936271
5VB8	47347	21.9998642
5VB8	47349	7.799917335
5VB8	47351	6.400000383
5VB8	47357	23.0001146
5VB8	47358	46.00022967
5VB8	47359	12.99989965
5VB8	47360	90.99970826
5VB8	47362	1.499995651
5VB8	47363	3.099987909
5VB8	47368	85.00021026
5VB8	47369	38.99958629
5VB8	47371	2.49999995
5VB8	47377	8.799945855
5VB8	47379	23.0001146
5VB8	47381	1.199996557
5VB8	47385	74.99978182
5VB8	47389	3.20000016
5VB8	47598	46.00022967
A2AR	20485	79.00052911
A2AR	20501	7.900052911
A2AR	20537	12.99989965
A2AR	20921	65.99940192
A2AR	21217	56.99936271
A2AR	21337	35.00015761
A2AR	23652	56.99936271
A2AR	23900	53.99953251
A2AR	23996	77.99917335
A2AR	24048	28.00012692
A2AR	24145	109.9993199
A2AR	24151	47.99986324
A2AR	25091	95.99972744
A2AR	25881	129.9989965
A2AR	32405	4.09996359
A2AR	32442	92.9993686
A2AR	34212	109.9993199
A2AR	40371	47.99986324
A2AR	47257	36.99985312
A2AR	47259	200.000002
A2AR	47272	24.9999995
A2AR	47283	18.99984246
A2AR	47318	109.9993199
A2AR	47342	140.0006332
A2AR	47349	94.00046457
A2AR	47362	8.999947996
A2AR	47363	21.9998642
A2AR	47381	99.00109543
A2AR	47389	109.9993199
